,id,operations,order,full
0,0,0.0,0.0,0.0
2,0,"[[8, 1, 5, 7, 6, 4], [1, 3, 2, 4, 6], [8, 1, 3, 4, 9, 6]]",[8. 1. 5. 7. 6. 3. 2. 1. 4. 9.],"[[8.0, 1.0, 5.0, 7.0, 6.0], [3.0, 2.0, 1.0, 4.0], [9.0]]"
3,1,"[[8, 1, 5, 7, 6, 4], [8, 1, 3, 4, 9, 6], [1, 3, 2, 4, 6]]",[8. 1. 5. 7. 6. 3. 4. 9. 1. 2.],"[[8.0, 1.0, 5.0, 7.0, 6.0], [3.0, 4.0, 9.0, 1.0], [2.0]]"
4,2,"[[1, 3, 4, 9, 6], [1, 5, 7, 6, 2], [5, 1, 8, 2]]",[1. 3. 4. 9. 5. 7. 6. 1. 8. 2.],"[[1.0, 3.0, 4.0, 9.0], [5.0, 7.0, 6.0, 1.0], [8.0, 2.0]]"
5,3,"[[1, 3, 4, 9, 6], [5, 1, 8, 2], [1, 5, 7, 6, 2]]",[1. 3. 4. 9. 8. 1. 2. 5. 7. 6.],"[[1.0, 3.0, 4.0, 9.0], [8.0, 1.0, 2.0, 5.0], [7.0, 6.0]]"
6,4,"[[8, 1, 3, 2, 4, 6], [8, 1, 5, 7, 2], [1, 3, 2, 4, 9, 6]]",[8. 1. 3. 2. 5. 7. 1. 4. 9. 6.],"[[8.0, 1.0, 3.0, 2.0], [5.0, 7.0, 1.0], [4.0, 9.0, 6.0]]"
7,5,"[[8, 1, 5, 7, 2], [8, 1, 3, 2, 4, 6], [1, 3, 2, 4, 9, 6]]",[8. 1. 5. 7. 3. 2. 1. 4. 9. 6.],"[[8.0, 1.0, 5.0, 7.0], [3.0, 2.0, 1.0, 4.0], [9.0, 6.0]]"
8,6,"[[8, 1, 5, 7, 2], [1, 3, 2, 4, 9, 6], [8, 1, 3, 2, 4, 6]]",[8. 1. 5. 7. 1. 3. 2. 4. 9. 6.],"[[8.0, 1.0, 5.0, 7.0, 1.0], [3.0, 2.0, 4.0, 9.0, 6.0], []]"
9,7,"[[1, 3, 2, 4, 9, 6], [8, 1, 5, 7, 2], [8, 1, 3, 2, 4, 6]]",[1. 3. 2. 4. 9. 8. 1. 5. 7. 6.],"[[1.0, 3.0, 2.0, 4.0, 9.0], [8.0, 1.0, 5.0, 7.0], [6.0]]"
10,8,"[[9, 4, 3], [5, 1, 2], [8, 1, 5, 7, 6, 4]]",[9. 3. 1. 2. 8. 1. 5. 7. 6. 4.],"[[9.0, 3.0], [1.0, 2.0], [8.0, 1.0, 5.0, 7.0, 6.0, 4.0]]"
11,9,"[[8, 1, 5, 7, 6, 4], [8, 1, 3, 2, 6], [1, 3, 4, 9, 6]]",[8. 1. 5. 7. 6. 3. 2. 1. 4. 9.],"[[8.0, 1.0, 5.0, 7.0, 6.0], [3.0, 2.0, 1.0], [4.0, 9.0]]"
12,10,"[[8, 1, 5, 7, 6, 4], [1, 3, 4, 9, 6], [8, 1, 3, 2, 6]]",[8. 1. 5. 7. 6. 3. 4. 9. 1. 2.],"[[8.0, 1.0, 5.0, 7.0, 6.0], [3.0, 4.0, 9.0, 1.0], [2.0]]"
13,11,"[[8, 1, 3, 2, 4, 6], [1, 5, 7, 2], [1, 3, 4, 9, 6]]",[8. 1. 3. 2. 5. 7. 1. 4. 9. 6.],"[[8.0, 1.0, 3.0, 2.0], [5.0, 7.0, 1.0], [4.0, 9.0, 6.0]]"
14,12,"[[1, 5, 7, 2], [8, 1, 3, 2, 4, 6], [1, 3, 4, 9, 6]]",[1. 5. 7. 8. 1. 3. 2. 4. 9. 6.],"[[1.0, 5.0, 7.0], [8.0, 1.0, 3.0, 2.0, 4.0], [9.0, 6.0]]"
15,13,"[[1, 5, 7, 2], [1, 3, 4, 9, 6], [8, 1, 3, 2, 4, 6]]",[1. 5. 7. 3. 4. 9. 1. 8. 2. 6.],"[[1.0, 5.0, 7.0], [3.0, 4.0, 9.0, 1.0], [8.0, 2.0, 6.0]]"
16,14,"[[1, 3, 4, 9, 6], [1, 5, 7, 2], [8, 1, 3, 2, 4, 6]]",[1. 3. 4. 9. 5. 7. 1. 8. 2. 6.],"[[1.0, 3.0, 4.0, 9.0], [5.0, 7.0, 1.0], [8.0, 2.0, 6.0]]"
17,15,"[[8, 1, 3, 2, 4, 6], [1, 5, 7, 2], [8, 1, 3, 4, 9, 6]]",[1. 3. 2. 4. 5. 7. 1. 8. 9. 6.],"[[1.0, 3.0, 2.0, 4.0], [5.0, 7.0, 1.0], [8.0, 9.0, 6.0]]"
18,16,"[[1, 5, 7, 2], [8, 1, 3, 2, 4, 6], [8, 1, 3, 4, 9, 6]]",[1. 5. 7. 8. 1. 3. 2. 4. 9. 6.],"[[1.0, 5.0, 7.0], [8.0, 1.0, 3.0, 2.0, 4.0], [9.0, 6.0]]"
19,17,"[[1, 5, 7, 2], [8, 1, 3, 4, 9, 6], [8, 1, 3, 2, 4, 6]]",[1. 5. 7. 8. 1. 9. 6. 3. 2. 4.],"[[1.0, 5.0, 7.0], [8.0, 1.0, 9.0, 6.0, 3.0], [2.0, 4.0]]"
20,18,"[[8, 1, 3, 4, 9, 6], [1, 5, 7, 2], [8, 1, 3, 2, 4, 6]]",[1. 3. 4. 9. 5. 7. 1. 8. 2. 6.],"[[1.0, 3.0, 4.0, 9.0], [5.0, 7.0, 1.0], [8.0, 2.0, 6.0]]"
21,19,"[[8, 1, 5, 7, 4], [9, 4, 3], [8, 1, 3, 2, 4, 6]]",[8. 1. 5. 7. 9. 3. 1. 2. 4. 6.],"[[8.0, 1.0, 5.0, 7.0], [9.0, 3.0], [1.0, 2.0, 4.0, 6.0]]"
22,20,"[[9, 4, 3], [8, 1, 5, 7, 4], [8, 1, 3, 2, 4, 6]]",[9. 3. 1. 5. 7. 4. 8. 1. 2. 6.],"[[9.0, 3.0], [1.0, 5.0, 7.0, 4.0, 8.0, 1.0], [2.0, 6.0]]"
23,21,"[[8, 1, 3, 2, 4, 6], [8, 1, 5, 7, 4], [1, 3, 4, 9, 6]]",[8. 1. 3. 2. 5. 7. 1. 4. 9. 6.],"[[8.0, 1.0, 3.0, 2.0], [5.0, 7.0, 1.0, 4.0], [9.0, 6.0]]"
24,22,"[[8, 1, 5, 7, 4], [8, 1, 3, 2, 4, 6], [1, 3, 4, 9, 6]]",[8. 1. 5. 7. 3. 2. 1. 4. 9. 6.],"[[8.0, 1.0, 5.0, 7.0], [3.0, 2.0, 1.0, 4.0], [9.0, 6.0]]"
25,23,"[[8, 1, 5, 7, 4], [1, 3, 4, 9, 6], [8, 1, 3, 2, 4, 6]]",[8. 1. 5. 7. 3. 4. 9. 1. 2. 6.],"[[8.0, 1.0, 5.0, 7.0], [3.0, 4.0, 9.0, 1.0], [2.0, 6.0]]"
26,24,"[[1, 3, 4, 9, 6], [8, 1, 5, 7, 4], [8, 1, 3, 2, 4, 6]]",[1. 3. 4. 9. 8. 5. 7. 1. 2. 6.],"[[1.0, 3.0, 4.0, 9.0], [8.0, 5.0, 7.0, 1.0], [2.0, 6.0]]"
27,25,"[[8, 1, 5, 7, 6, 4], [1, 3, 4, 9, 6], [2, 3]]",[8. 1. 5. 7. 6. 3. 4. 9. 1. 2.],"[[8.0, 1.0, 5.0, 7.0, 6.0], [3.0, 4.0, 9.0, 1.0], [2.0]]"
28,26,"[[8, 1, 3, 2, 4, 6], [8, 1, 5, 7, 2], [1, 3, 4, 9, 6]]",[8. 1. 3. 2. 5. 7. 1. 4. 9. 6.],"[[8.0, 1.0, 3.0, 2.0], [5.0, 7.0, 1.0], [4.0, 9.0, 6.0]]"
29,27,"[[8, 1, 5, 7, 2], [8, 1, 3, 2, 4, 6], [1, 3, 4, 9, 6]]",[8. 1. 5. 7. 3. 2. 1. 4. 9. 6.],"[[8.0, 1.0, 5.0, 7.0], [3.0, 2.0, 1.0, 4.0], [9.0, 6.0]]"
30,28,"[[8, 1, 5, 7, 2], [1, 3, 4, 9, 6], [8, 1, 3, 2, 4, 6]]",[8. 1. 5. 7. 3. 4. 9. 1. 2. 6.],"[[8.0, 1.0, 5.0, 7.0], [3.0, 4.0, 9.0, 1.0], [2.0, 6.0]]"
31,29,"[[1, 3, 4, 9, 6], [8, 1, 5, 7, 2], [8, 1, 3, 2, 4, 6]]",[1. 9. 8. 5. 7. 1. 3. 2. 4. 6.],"[[1.0, 9.0], [8.0, 5.0, 7.0, 1.0], [3.0, 2.0, 4.0, 6.0]]"
32,30,"[[8, 1, 5, 7, 6, 4], [8, 1, 3, 2, 4, 6], [9, 4, 3]]",[8. 1. 5. 7. 6. 3. 2. 1. 4. 9.],"[[8.0, 1.0, 5.0, 7.0, 6.0], [3.0, 2.0, 1.0, 4.0], [9.0]]"
33,31,"[[8, 1, 5, 7, 6, 4], [9, 4, 3], [8, 1, 3, 2, 4, 6]]",[8. 1. 5. 7. 6. 9. 3. 1. 2. 4.],"[[8.0, 1.0, 5.0, 7.0, 6.0], [9.0, 3.0], [1.0, 2.0, 4.0]]"
34,32,"[[9, 4, 3], [8, 1, 5, 7, 6, 4], [8, 1, 3, 2, 4, 6]]",[9. 3. 1. 5. 7. 6. 4. 8. 1. 2.],"[[9.0, 3.0], [1.0, 5.0, 7.0, 6.0, 4.0, 8.0, 1.0], [2.0]]"
35,33,"[[9, 4, 3], [1, 5, 7, 4], [8, 1, 3, 2, 6]]",[9. 3. 1. 5. 7. 4. 8. 1. 2. 6.],"[[9.0, 3.0], [1.0, 5.0, 7.0, 4.0], [8.0, 1.0, 2.0, 6.0]]"
36,34,"[[9, 4, 3], [8, 1, 5, 7, 6, 4], [5, 1, 8, 2]]",[9. 3. 1. 5. 7. 6. 4. 8. 1. 2.],"[[9.0, 3.0], [1.0, 5.0, 7.0, 6.0, 4.0, 8.0, 1.0], [2.0]]"
37,35,"[[9, 4, 3], [5, 1, 8, 2], [8, 1, 5, 7, 6, 4]]",[9. 3. 1. 8. 2. 5. 7. 6. 4.],"[[9.0, 3.0], [1.0, 8.0, 2.0, 5.0], [7.0, 6.0, 4.0]]"
38,36,"[[8, 1, 5, 7, 6, 4], [8, 1, 3, 4, 9, 6], [8, 1, 3, 2, 6]]",[8. 1. 5. 7. 6. 3. 4. 9. 1. 2.],"[[8.0, 1.0, 5.0, 7.0, 6.0], [3.0, 4.0, 9.0, 1.0], [2.0]]"
39,37,"[[8, 1, 5, 7, 6, 4], [8, 1, 3, 2, 6], [8, 1, 3, 4, 9, 6]]",[8. 1. 5. 7. 6. 3. 2. 1. 4. 9.],"[[8.0, 1.0, 5.0, 7.0, 6.0], [3.0, 2.0, 1.0], [4.0, 9.0]]"
40,38,"[[8, 1, 3, 2, 4, 6], [1, 5, 7, 4], [8, 1, 3, 4, 9, 6]]",[1. 3. 2. 4. 5. 7. 1. 8. 9. 6.],"[[1.0, 3.0, 2.0, 4.0], [5.0, 7.0, 1.0], [8.0, 9.0, 6.0]]"
41,39,"[[1, 5, 7, 4], [8, 1, 3, 2, 4, 6], [8, 1, 3, 4, 9, 6]]",[1. 5. 7. 8. 1. 3. 2. 4. 9. 6.],"[[1.0, 5.0, 7.0], [8.0, 1.0, 3.0, 2.0, 4.0], [9.0, 6.0]]"
42,40,"[[1, 5, 7, 4], [8, 1, 3, 4, 9, 6], [8, 1, 3, 2, 4, 6]]",[1. 5. 7. 8. 1. 9. 6. 3. 2. 4.],"[[1.0, 5.0, 7.0], [8.0, 1.0, 9.0, 6.0, 3.0], [2.0, 4.0]]"
43,41,"[[8, 1, 3, 4, 9, 6], [1, 5, 7, 4], [8, 1, 3, 2, 4, 6]]",[8. 1. 3. 4. 9. 5. 7. 1. 2. 6.],"[[8.0, 1.0, 3.0, 4.0, 9.0], [5.0, 7.0, 1.0], [2.0, 6.0]]"
44,42,"[[1, 5, 7, 6, 2], [8, 1, 3, 2, 4, 6], [1, 3, 4, 9, 6]]",[1. 5. 7. 6. 8. 1. 3. 2. 4. 9.],"[[1.0, 5.0, 7.0, 6.0], [8.0, 1.0, 3.0, 2.0, 4.0], [9.0]]"
45,43,"[[1, 5, 7, 6, 2], [1, 3, 4, 9, 6], [8, 1, 3, 2, 4, 6]]",[1. 5. 7. 6. 3. 4. 9. 1. 8. 2.],"[[1.0, 5.0, 7.0, 6.0], [3.0, 4.0, 9.0, 1.0], [8.0, 2.0]]"
46,44,"[[1, 3, 4, 9, 6], [8, 1, 5, 7, 6, 4], [8, 1, 5, 7, 2]]",[1. 3. 4. 9. 8. 5. 7. 6. 1. 2.],"[[1.0, 3.0, 4.0, 9.0], [8.0, 5.0, 7.0, 6.0, 1.0], [2.0]]"
47,45,"[[1, 3, 4, 9, 6], [8, 1, 5, 7, 2], [8, 1, 5, 7, 6, 4]]",[1. 3. 4. 9. 8. 1. 5. 2. 7. 6.],"[[1.0, 3.0, 4.0, 9.0], [8.0, 1.0, 5.0, 2.0, 7.0], [6.0]]"
48,46,"[[8, 1, 5, 7, 2], [9, 4, 3], [8, 1, 3, 2, 4, 6]]",[8. 1. 5. 7. 9. 3. 1. 2. 4. 6.],"[[8.0, 1.0, 5.0, 7.0], [9.0, 3.0], [1.0, 2.0, 4.0, 6.0]]"
49,47,"[[9, 4, 3], [8, 1, 5, 7, 2], [8, 1, 3, 2, 4, 6]]",[9. 3. 1. 5. 7. 2. 8. 1. 4. 6.],"[[9.0, 3.0], [1.0, 5.0, 7.0, 2.0, 8.0, 1.0], [4.0, 6.0]]"
50,48,"[[8, 1, 5, 7, 6, 4], [1, 3, 2, 6], [1, 3, 4, 9, 6]]",[8. 1. 5. 7. 6. 3. 2. 1. 4. 9.],"[[8.0, 1.0, 5.0, 7.0, 6.0], [3.0, 2.0, 1.0], [4.0, 9.0]]"
51,49,"[[8, 1, 5, 7, 6, 4], [1, 3, 4, 9, 6], [1, 3, 2, 6]]",[8. 1. 5. 7. 6. 3. 4. 9. 1. 2.],"[[8.0, 1.0, 5.0, 7.0, 6.0], [3.0, 4.0, 9.0, 1.0], [2.0]]"
52,50,"[[8, 1, 3, 2, 4, 6], [1, 5, 7, 4], [1, 3, 4, 9, 6]]",[8. 1. 3. 2. 5. 7. 1. 4. 9. 6.],"[[8.0, 1.0, 3.0, 2.0], [5.0, 7.0, 1.0, 4.0], [9.0, 6.0]]"
53,51,"[[1, 5, 7, 4], [8, 1, 3, 2, 4, 6], [1, 3, 4, 9, 6]]",[1. 5. 7. 8. 1. 3. 2. 4. 9. 6.],"[[1.0, 5.0, 7.0], [8.0, 1.0, 3.0, 2.0, 4.0], [9.0, 6.0]]"
54,52,"[[1, 5, 7, 4], [1, 3, 4, 9, 6], [8, 1, 3, 2, 4, 6]]",[1. 5. 7. 3. 4. 9. 1. 8. 2. 6.],"[[1.0, 5.0, 7.0], [3.0, 4.0, 9.0, 1.0], [8.0, 2.0, 6.0]]"
55,53,"[[1, 3, 4, 9, 6], [1, 5, 7, 4], [8, 1, 3, 2, 4, 6]]",[1. 3. 4. 9. 5. 7. 1. 8. 2. 6.],"[[1.0, 3.0, 4.0, 9.0], [5.0, 7.0, 1.0], [8.0, 2.0, 6.0]]"
56,54,"[[9, 4, 3], [1, 5, 7, 4], [8, 1, 3, 2, 4, 6]]",[9. 3. 1. 5. 7. 1. 8. 2. 4. 6.],"[[9.0, 3.0], [1.0, 5.0, 7.0, 1.0], [8.0, 2.0, 4.0, 6.0]]"
57,55,"[[8, 1, 5, 7, 2], [9, 4, 3], [1, 3, 2, 4, 6]]",[8. 1. 5. 7. 9. 3. 1. 2. 4. 6.],"[[8.0, 1.0, 5.0, 7.0], [9.0, 3.0], [1.0, 2.0, 4.0, 6.0]]"
58,56,"[[1, 5, 7, 6, 2], [8, 1, 3, 2, 4, 6], [9, 4, 3]]",[1. 5. 7. 6. 8. 1. 3. 2. 4. 9.],"[[1.0, 5.0, 7.0, 6.0], [8.0, 1.0, 3.0, 2.0, 4.0], [9.0]]"
59,57,"[[9, 4, 3], [1, 5, 7, 6, 2], [8, 1, 3, 2, 4, 6]]",[9. 3. 1. 5. 7. 6. 1. 8. 2. 4.],"[[9.0, 3.0], [1.0, 5.0, 7.0, 6.0, 1.0], [8.0, 2.0, 4.0]]"
60,58,"[[9, 4, 3], [1, 5, 7, 6, 2], [8, 1, 5, 7, 6, 4]]",[9. 3. 1. 5. 7. 6. 2. 8. 1. 4.],"[[9.0, 3.0], [1.0, 5.0, 7.0, 6.0, 2.0], [8.0, 1.0, 4.0]]"
61,59,"[[9, 4, 3], [8, 1, 5, 7, 6, 4], [5, 6, 1, 8, 2]]",[9. 3. 1. 5. 7. 6. 4. 8. 1. 2.],"[[9.0, 3.0], [1.0, 5.0, 7.0, 6.0, 4.0, 8.0, 1.0], [2.0]]"
62,60,"[[9, 4, 3], [5, 6, 1, 8, 2], [8, 1, 5, 7, 6, 4]]",[9. 3. 1. 8. 2. 5. 7. 6. 4.],"[[9.0, 3.0], [1.0, 8.0, 2.0, 5.0], [7.0, 6.0, 4.0]]"
63,61,"[[1, 3, 2, 4, 9, 6], [5, 6, 1, 8, 2], [1, 5, 7, 2]]",[1. 3. 2. 4. 9. 1. 5. 6. 8. 7. 1.],"[[1.0, 3.0, 2.0, 4.0, 9.0, 1.0], [5.0, 6.0, 8.0], [7.0, 1.0]]"
64,62,"[[1, 3, 2, 4, 9, 6], [1, 5, 7, 2], [5, 6, 1, 8, 2]]",[1. 3. 2. 4. 9. 5. 7. 1. 6. 8.],"[[1.0, 3.0, 2.0, 4.0, 9.0], [5.0, 7.0, 1.0], [6.0, 8.0]]"
65,63,"[[9, 4, 3], [8, 1, 5, 7, 6, 4], [8, 1, 3, 2, 6]]",[9. 3. 1. 5. 7. 6. 4. 8. 1. 2.],"[[9.0, 3.0], [1.0, 5.0, 7.0, 6.0, 4.0, 8.0, 1.0], [2.0]]"
66,64,"[[9, 4, 3], [1, 5, 7, 6, 4], [8, 1, 3, 2, 6]]",[9. 3. 1. 5. 7. 6. 4. 8. 1. 2.],"[[9.0, 3.0], [1.0, 5.0, 7.0, 6.0, 4.0], [8.0, 1.0, 2.0]]"
67,65,"[[8, 1, 5, 7, 6, 4], [8, 1, 3, 2, 4, 6], [1, 3, 4, 9, 6]]",[8. 1. 5. 7. 6. 3. 2. 1. 4. 9.],"[[8.0, 1.0, 5.0, 7.0, 6.0], [3.0, 2.0, 1.0, 4.0], [9.0]]"
68,66,"[[8, 1, 5, 7, 6, 4], [1, 3, 4, 9, 6], [8, 1, 3, 2, 4, 6]]",[8. 1. 5. 7. 6. 3. 4. 9. 1. 2.],"[[8.0, 1.0, 5.0, 7.0, 6.0], [3.0, 4.0, 9.0, 1.0], [2.0]]"
69,67,"[[8, 1, 3, 4, 9, 6], [8, 1, 5, 7, 6, 4], [5, 6, 1, 2]]",[8. 1. 3. 4. 9. 5. 7. 6. 1. 2.],"[[8.0, 1.0, 3.0, 4.0, 9.0], [5.0, 7.0, 6.0, 1.0], [2.0]]"
70,68,"[[8, 1, 3, 4, 9, 6], [5, 6, 1, 2], [8, 1, 5, 7, 6, 4]]",[8. 1. 3. 4. 9. 2. 1. 5. 7. 6.],"[[8.0, 1.0, 3.0, 4.0, 9.0], [2.0, 1.0, 5.0], [7.0, 6.0]]"
71,69,"[[1, 3, 2, 4, 9, 6], [5, 6, 1, 8, 4], [1, 5, 7, 4]]",[1. 3. 2. 4. 9. 1. 5. 6. 8. 7. 1.],"[[1.0, 3.0, 2.0, 4.0, 9.0, 1.0], [5.0, 6.0, 8.0], [7.0, 1.0]]"
72,70,"[[1, 3, 2, 4, 9, 6], [1, 5, 7, 4], [5, 6, 1, 8, 4]]",[1. 3. 2. 4. 9. 5. 7. 1. 6. 8.],"[[1.0, 3.0, 2.0, 4.0, 9.0], [5.0, 7.0, 1.0], [6.0, 8.0]]"
73,71,"[[8, 1, 5, 7, 6, 4], [8, 1, 3, 4, 9, 6], [2, 3]]",[8. 1. 5. 7. 6. 3. 4. 9. 1. 2.],"[[8.0, 1.0, 5.0, 7.0, 6.0], [3.0, 4.0, 9.0, 1.0], [2.0]]"
74,72,"[[8, 1, 3, 2, 4, 6], [8, 1, 5, 7, 4], [1, 3, 2, 4, 9, 6]]",[8. 1. 3. 2. 5. 7. 1. 4. 9. 6.],"[[8.0, 1.0, 3.0, 2.0], [5.0, 7.0, 1.0, 4.0], [9.0, 6.0]]"
75,73,"[[8, 1, 5, 7, 4], [8, 1, 3, 2, 4, 6], [1, 3, 2, 4, 9, 6]]",[8. 1. 5. 7. 3. 2. 1. 4. 9. 6.],"[[8.0, 1.0, 5.0, 7.0], [3.0, 2.0, 1.0, 4.0], [9.0, 6.0]]"
76,74,"[[8, 1, 5, 7, 4], [1, 3, 2, 4, 9, 6], [8, 1, 3, 2, 4, 6]]",[8. 1. 5. 7. 1. 3. 2. 4. 9. 6.],"[[8.0, 1.0, 5.0, 7.0, 1.0], [3.0, 2.0, 4.0, 9.0, 6.0], []]"
77,75,"[[1, 3, 2, 4, 9, 6], [8, 1, 5, 7, 4], [8, 1, 3, 2, 4, 6]]",[1. 3. 2. 4. 9. 8. 1. 5. 7. 6.],"[[1.0, 3.0, 2.0, 4.0, 9.0], [8.0, 1.0, 5.0, 7.0], [6.0]]"
78,76,"[[8, 1, 3, 2, 4, 6], [1, 5, 7, 2], [1, 3, 2, 4, 9, 6]]",[8. 1. 3. 2. 5. 7. 1. 4. 9. 6.],"[[8.0, 1.0, 3.0, 2.0], [5.0, 7.0, 1.0], [4.0, 9.0, 6.0]]"
79,77,"[[1, 5, 7, 2], [8, 1, 3, 2, 4, 6], [1, 3, 2, 4, 9, 6]]",[1. 5. 7. 8. 1. 3. 2. 4. 9. 6.],"[[1.0, 5.0, 7.0], [8.0, 1.0, 3.0, 2.0, 4.0], [9.0, 6.0]]"
80,78,"[[1, 5, 7, 2], [1, 3, 2, 4, 9, 6], [8, 1, 3, 2, 4, 6]]",[1. 5. 7. 3. 2. 4. 9. 1. 8. 6.],"[[1.0, 5.0, 7.0], [3.0, 2.0, 4.0, 9.0, 1.0], [8.0, 6.0]]"
81,79,"[[1, 3, 2, 4, 9, 6], [1, 5, 7, 2], [8, 1, 3, 2, 4, 6]]",[1. 3. 2. 4. 9. 5. 7. 1. 8. 6.],"[[1.0, 3.0, 2.0, 4.0, 9.0], [5.0, 7.0, 1.0], [8.0, 6.0]]"
82,80,"[[9, 4, 3], [1, 5, 7, 2], [8, 1, 3, 2, 4, 6]]",[9. 3. 1. 5. 7. 1. 8. 2. 4. 6.],"[[9.0, 3.0], [1.0, 5.0, 7.0, 1.0], [8.0, 2.0, 4.0, 6.0]]"
83,81,"[[1, 3, 2, 4, 9, 6], [1, 5, 7, 6, 4], [5, 6, 1, 8, 4]]",[1. 3. 2. 4. 9. 5. 7. 6. 1. 8.],"[[1.0, 3.0, 2.0, 4.0, 9.0], [5.0, 7.0, 6.0, 1.0], [8.0]]"
84,82,"[[1, 3, 2, 4, 9, 6], [5, 6, 1, 8, 4], [1, 5, 7, 6, 4]]",[1. 3. 2. 4. 9. 8. 1. 5. 7. 6.],"[[1.0, 3.0, 2.0, 4.0, 9.0], [8.0, 1.0, 5.0], [7.0, 6.0]]"
85,83,"[[8, 1, 5, 7, 6, 4], [8, 1, 3, 2, 4, 6], [1, 3, 2, 4, 9, 6]]",[8. 1. 5. 7. 6. 3. 2. 1. 4. 9.],"[[8.0, 1.0, 5.0, 7.0, 6.0], [3.0, 2.0, 1.0, 4.0], [9.0]]"
86,84,"[[8, 1, 5, 7, 6, 4], [1, 3, 2, 4, 9, 6], [8, 1, 3, 2, 4, 6]]",[8. 1. 5. 7. 6. 1. 3. 2. 4. 9.],"[[8.0, 1.0, 5.0, 7.0, 6.0, 1.0], [3.0, 2.0, 4.0, 9.0], []]"
87,85,"[[1, 3, 2, 4, 9, 6], [5, 7], [5, 6, 1, 8, 4]]",[1. 3. 2. 4. 9. 5. 7. 6. 1. 8.],"[[1.0, 3.0, 2.0, 4.0, 9.0], [5.0, 7.0], [6.0, 1.0, 8.0]]"
88,86,"[[1, 5, 7, 6, 2], [8, 1, 3, 2, 4, 6], [8, 1, 3, 4, 9, 6]]",[1. 5. 7. 6. 8. 1. 3. 2. 4. 9.],"[[1.0, 5.0, 7.0, 6.0], [8.0, 1.0, 3.0, 2.0, 4.0], [9.0]]"
89,87,"[[1, 5, 7, 6, 2], [8, 1, 3, 4, 9, 6], [8, 1, 3, 2, 4, 6]]",[1. 5. 7. 6. 8. 1. 9. 3. 2. 4.],"[[1.0, 5.0, 7.0, 6.0], [8.0, 1.0, 9.0, 3.0], [2.0, 4.0]]"
90,88,"[[8, 1, 3, 2, 4, 6], [8, 1, 5, 7, 2], [8, 1, 3, 4, 9, 6]]",[8. 1. 3. 2. 5. 7. 1. 4. 9. 6.],"[[8.0, 1.0, 3.0, 2.0], [5.0, 7.0, 1.0], [4.0, 9.0, 6.0]]"
91,89,"[[8, 1, 5, 7, 2], [8, 1, 3, 2, 4, 6], [8, 1, 3, 4, 9, 6]]",[8. 1. 5. 7. 3. 2. 1. 4. 9. 6.],"[[8.0, 1.0, 5.0, 7.0], [3.0, 2.0, 1.0, 4.0], [9.0, 6.0]]"
92,90,"[[8, 1, 5, 7, 2], [8, 1, 3, 4, 9, 6], [8, 1, 3, 2, 4, 6]]",[8. 1. 5. 7. 3. 4. 9. 1. 2. 6.],"[[8.0, 1.0, 5.0, 7.0], [3.0, 4.0, 9.0, 1.0], [2.0, 6.0]]"
93,91,"[[8, 1, 3, 4, 9, 6], [8, 1, 5, 7, 2], [8, 1, 3, 2, 4, 6]]",[8. 1. 9. 5. 7. 1. 3. 2. 4. 6.],"[[8.0, 1.0, 9.0], [5.0, 7.0, 1.0], [3.0, 2.0, 4.0, 6.0]]"
94,92,"[[9, 4, 3], [8, 1, 5, 7, 6, 4], [8, 1, 5, 7, 2]]",[9. 3. 1. 5. 7. 6. 4. 8. 1. 2.],"[[9.0, 3.0], [1.0, 5.0, 7.0, 6.0, 4.0, 8.0, 1.0], [2.0]]"
95,93,"[[9, 4, 3], [8, 1, 5, 7, 2], [8, 1, 5, 7, 6, 4]]",[9. 3. 1. 5. 2. 8. 7. 6. 4.],"[[9.0, 3.0], [1.0, 5.0, 2.0, 8.0, 7.0], [6.0, 4.0]]"
96,94,"[[1, 5, 7, 6, 4], [8, 1, 3, 2, 4, 6], [9, 4, 3]]",[1. 5. 7. 6. 8. 1. 3. 2. 4. 9.],"[[1.0, 5.0, 7.0, 6.0], [8.0, 1.0, 3.0, 2.0, 4.0], [9.0]]"
97,95,"[[9, 4, 3], [1, 5, 7, 6, 4], [8, 1, 3, 2, 4, 6]]",[9. 3. 1. 5. 7. 6. 1. 8. 2. 4.],"[[9.0, 3.0], [1.0, 5.0, 7.0, 6.0, 1.0], [8.0, 2.0, 4.0]]"
98,96,"[[8, 1, 5, 7, 6, 4], [1, 3, 2, 4, 6], [9, 4, 3]]",[8. 1. 5. 7. 6. 3. 2. 1. 4. 9.],"[[8.0, 1.0, 5.0, 7.0, 6.0], [3.0, 2.0, 1.0, 4.0], [9.0]]"
99,97,"[[8, 1, 5, 7, 6, 4], [9, 4, 3], [1, 3, 2, 4, 6]]",[8. 1. 5. 7. 6. 9. 3. 1. 2. 4.],"[[8.0, 1.0, 5.0, 7.0, 6.0], [9.0, 3.0], [1.0, 2.0, 4.0]]"
100,98,"[[1, 3, 2, 4, 9, 6], [5, 1, 8, 2], [1, 5, 7, 6, 4]]",[1. 3. 2. 4. 9. 8. 1. 5. 7. 6.],"[[1.0, 3.0, 2.0, 4.0, 9.0], [8.0, 1.0, 5.0], [7.0, 6.0]]"
101,99,"[[1, 3, 2, 4, 9, 6], [1, 5, 7, 6, 4], [5, 1, 8, 2]]",[1. 3. 2. 4. 9. 5. 7. 6. 1. 8.],"[[1.0, 3.0, 2.0, 4.0, 9.0], [5.0, 7.0, 6.0, 1.0], [8.0]]"
102,100,"[[1, 3, 4, 9, 6], [8, 1, 5, 7, 6, 4], [1, 5, 7, 2]]",[1. 3. 4. 9. 8. 5. 7. 6. 1. 2.],"[[1.0, 3.0, 4.0, 9.0], [8.0, 5.0, 7.0, 6.0, 1.0], [2.0]]"
103,101,"[[1, 3, 4, 9, 6], [1, 5, 7, 2], [8, 1, 5, 7, 6, 4]]",[3. 9. 1. 5. 7. 2. 8. 1. 6. 4.],"[[3.0, 9.0, 1.0], [5.0, 7.0, 2.0], [8.0, 1.0, 6.0, 4.0]]"
104,102,"[[1, 3, 4, 9, 6], [8, 1, 5, 7, 6, 4], [5, 1, 8, 2]]",[1. 3. 4. 9. 8. 5. 7. 6. 1. 2.],"[[1.0, 3.0, 4.0, 9.0], [8.0, 5.0, 7.0, 6.0, 1.0], [2.0]]"
105,103,"[[1, 3, 4, 9, 6], [5, 1, 8, 2], [8, 1, 5, 7, 6, 4]]",[1. 3. 4. 9. 8. 1. 2. 5. 7. 6.],"[[1.0, 3.0, 4.0, 9.0], [8.0, 1.0, 2.0, 5.0], [7.0, 6.0]]"
106,104,"[[1, 5, 7, 6, 2], [8, 1, 3, 2, 4, 6], [1, 3, 2, 4, 9, 6]]",[1. 5. 7. 6. 8. 1. 3. 2. 4. 9.],"[[1.0, 5.0, 7.0, 6.0], [8.0, 1.0, 3.0, 2.0, 4.0], [9.0]]"
107,105,"[[1, 5, 7, 6, 2], [1, 3, 2, 4, 9, 6], [8, 1, 3, 2, 4, 6]]",[1. 5. 7. 6. 3. 2. 4. 9. 1. 8.],"[[1.0, 5.0, 7.0, 6.0], [3.0, 2.0, 4.0, 9.0, 1.0], [8.0]]"
108,106,"[[1, 3, 2, 4, 9, 6], [5, 6, 1, 8, 4], [1, 5, 7, 2]]",[3. 9. 1. 5. 6. 8. 4. 7. 1. 2.],"[[3.0, 9.0, 1.0], [5.0, 6.0, 8.0, 4.0], [7.0, 1.0, 2.0]]"
109,107,"[[1, 3, 2, 4, 9, 6], [1, 5, 7, 2], [5, 6, 1, 8, 4]]",[1. 3. 2. 4. 9. 5. 7. 1. 6. 8.],"[[1.0, 3.0, 2.0, 4.0, 9.0], [5.0, 7.0, 1.0], [6.0, 8.0]]"
110,108,"[[8, 1, 3, 2, 4, 6], [1, 5, 7, 4], [1, 3, 2, 4, 9, 6]]",[8. 1. 3. 2. 5. 7. 1. 4. 9. 6.],"[[8.0, 1.0, 3.0, 2.0], [5.0, 7.0, 1.0, 4.0], [9.0, 6.0]]"
111,109,"[[1, 5, 7, 4], [8, 1, 3, 2, 4, 6], [1, 3, 2, 4, 9, 6]]",[1. 5. 7. 8. 1. 3. 2. 4. 9. 6.],"[[1.0, 5.0, 7.0], [8.0, 1.0, 3.0, 2.0, 4.0], [9.0, 6.0]]"
112,110,"[[1, 5, 7, 4], [1, 3, 2, 4, 9, 6], [8, 1, 3, 2, 4, 6]]",[1. 5. 7. 3. 2. 4. 9. 1. 8. 6.],"[[1.0, 5.0, 7.0], [3.0, 2.0, 4.0, 9.0, 1.0], [8.0, 6.0]]"
113,111,"[[1, 3, 2, 4, 9, 6], [1, 5, 7, 4], [8, 1, 3, 2, 4, 6]]",[1. 3. 2. 4. 9. 5. 7. 1. 8. 6.],"[[1.0, 3.0, 2.0, 4.0, 9.0], [5.0, 7.0, 1.0], [8.0, 6.0]]"
114,112,"[[1, 5, 7, 6, 4], [8, 1, 3, 2, 4, 6], [1, 3, 2, 4, 9, 6]]",[1. 5. 7. 6. 8. 1. 3. 2. 4. 9.],"[[1.0, 5.0, 7.0, 6.0], [8.0, 1.0, 3.0, 2.0, 4.0], [9.0]]"
115,113,"[[1, 5, 7, 6, 4], [1, 3, 2, 4, 9, 6], [8, 1, 3, 2, 4, 6]]",[1. 5. 7. 6. 3. 2. 4. 9. 1. 8.],"[[1.0, 5.0, 7.0, 6.0], [3.0, 2.0, 4.0, 9.0, 1.0], [8.0]]"
116,114,"[[1, 3, 4, 9, 6], [5, 6, 1, 8, 4], [1, 5, 7, 6, 2]]",[1. 3. 4. 9. 8. 1. 5. 7. 6. 2.],"[[1.0, 3.0, 4.0, 9.0], [8.0, 1.0, 5.0], [7.0, 6.0, 2.0]]"
117,115,"[[1, 3, 4, 9, 6], [1, 5, 7, 6, 2], [5, 6, 1, 8, 4]]",[1. 3. 4. 9. 5. 7. 6. 2. 1. 8.],"[[1.0, 3.0, 4.0, 9.0], [5.0, 7.0, 6.0, 2.0, 1.0], [8.0]]"
118,116,"[[1, 3, 2, 4, 9, 6], [5, 1, 8, 2], [1, 5, 7, 6, 2]]",[1. 3. 2. 4. 9. 8. 1. 5. 7. 6.],"[[1.0, 3.0, 2.0, 4.0, 9.0], [8.0, 1.0, 5.0], [7.0, 6.0]]"
119,117,"[[1, 3, 2, 4, 9, 6], [1, 5, 7, 6, 2], [5, 1, 8, 2]]",[1. 3. 2. 4. 9. 5. 7. 6. 1. 8.],"[[1.0, 3.0, 2.0, 4.0, 9.0], [5.0, 7.0, 6.0, 1.0], [8.0]]"
120,118,"[[1, 5, 7, 6, 4], [8, 1, 3, 2, 6], [1, 3, 4, 9, 6]]",[1. 5. 7. 6. 8. 3. 2. 1. 4. 9.],"[[1.0, 5.0, 7.0, 6.0], [8.0, 3.0, 2.0, 1.0], [4.0, 9.0]]"
121,119,"[[1, 5, 7, 6, 4], [1, 3, 4, 9, 6], [8, 1, 3, 2, 6]]",[1. 5. 7. 6. 3. 4. 9. 1. 8. 2.],"[[1.0, 5.0, 7.0, 6.0], [3.0, 4.0, 9.0, 1.0], [8.0, 2.0]]"
122,120,"[[8, 1, 3, 4, 9, 6], [8, 1, 5, 7, 6, 4], [5, 6, 1, 8, 2]]",[8. 1. 3. 4. 9. 5. 7. 6. 1. 2.],"[[8.0, 1.0, 3.0, 4.0, 9.0], [5.0, 7.0, 6.0, 1.0], [2.0]]"
123,121,"[[8, 1, 3, 4, 9, 6], [5, 6, 1, 8, 2], [8, 1, 5, 7, 6, 4]]",[8. 1. 3. 4. 9. 2. 1. 5. 7. 6.],"[[8.0, 1.0, 3.0, 4.0, 9.0], [2.0, 1.0, 5.0], [7.0, 6.0]]"
124,122,"[[8, 1, 5, 7, 6, 4], [8, 1, 3, 2, 4, 6], [8, 1, 3, 4, 9, 6]]",[8. 1. 5. 7. 6. 3. 2. 1. 4. 9.],"[[8.0, 1.0, 5.0, 7.0, 6.0], [3.0, 2.0, 1.0, 4.0], [9.0]]"
125,123,"[[8, 1, 5, 7, 6, 4], [8, 1, 3, 4, 9, 6], [8, 1, 3, 2, 4, 6]]",[8. 1. 5. 7. 6. 3. 4. 9. 1. 2.],"[[8.0, 1.0, 5.0, 7.0, 6.0], [3.0, 4.0, 9.0, 1.0], [2.0]]"
126,124,"[[1, 5, 7, 6, 4], [8, 1, 3, 2, 4, 6], [1, 3, 4, 9, 6]]",[1. 5. 7. 6. 8. 1. 3. 2. 4. 9.],"[[1.0, 5.0, 7.0, 6.0], [8.0, 1.0, 3.0, 2.0, 4.0], [9.0]]"
127,125,"[[1, 5, 7, 6, 4], [1, 3, 4, 9, 6], [8, 1, 3, 2, 4, 6]]",[1. 5. 7. 6. 3. 4. 9. 1. 8. 2.],"[[1.0, 5.0, 7.0, 6.0], [3.0, 4.0, 9.0, 1.0], [8.0, 2.0]]"
128,126,"[[8, 1, 3, 4, 9, 6], [5, 1, 8, 2], [8, 1, 5, 7, 4]]",[8. 3. 9. 6. 5. 1. 2. 7. 1. 4.],"[[8.0, 3.0, 9.0, 6.0], [5.0, 1.0, 2.0], [7.0, 1.0, 4.0]]"
129,127,"[[1, 3, 4, 9, 6], [8, 1, 5, 7, 6, 4], [5, 6, 1, 2]]",[1. 3. 4. 9. 8. 5. 7. 6. 1. 2.],"[[1.0, 3.0, 4.0, 9.0], [8.0, 5.0, 7.0, 6.0, 1.0], [2.0]]"
130,128,"[[1, 3, 4, 9, 6], [5, 6, 1, 2], [8, 1, 5, 7, 6, 4]]",[3. 9. 1. 5. 6. 2. 8. 1. 7. 4.],"[[3.0, 9.0, 1.0], [5.0, 6.0, 2.0], [8.0, 1.0, 7.0, 4.0]]"
131,129,"[[1, 3, 2, 4, 9, 6], [5, 6, 1, 8, 2], [1, 5, 7, 6, 2]]",[1. 3. 2. 4. 9. 8. 1. 5. 7. 6.],"[[1.0, 3.0, 2.0, 4.0, 9.0], [8.0, 1.0, 5.0], [7.0, 6.0]]"
132,130,"[[1, 3, 2, 4, 9, 6], [1, 5, 7, 6, 2], [5, 6, 1, 8, 2]]",[1. 3. 2. 4. 9. 5. 7. 6. 1. 8.],"[[1.0, 3.0, 2.0, 4.0, 9.0], [5.0, 7.0, 6.0, 1.0], [8.0]]"
133,131,"[[8, 1, 3, 4, 9, 6], [5, 6, 1, 8, 2], [1, 5, 7, 4]]",[8. 3. 9. 1. 5. 6. 2. 7. 1. 4.],"[[8.0, 3.0, 9.0, 1.0], [5.0, 6.0, 2.0], [7.0, 1.0, 4.0]]"
134,132,"[[8, 1, 3, 4, 9, 6], [1, 5, 7, 4], [5, 6, 1, 8, 2]]",[8. 1. 3. 4. 9. 5. 7. 1. 6. 2.],"[[8.0, 1.0, 3.0, 4.0, 9.0], [5.0, 7.0, 1.0], [6.0, 2.0]]"
135,133,"[[8, 1, 5, 7, 4], [9, 4, 3], [1, 3, 2, 4, 6]]",[8. 1. 5. 7. 9. 3. 1. 2. 4. 6.],"[[8.0, 1.0, 5.0, 7.0], [9.0, 3.0], [1.0, 2.0, 4.0, 6.0]]"
136,134,"[[9, 4, 3], [5, 6, 1, 2], [8, 1, 5, 7, 6, 4]]",[9. 3. 1. 2. 8. 1. 5. 7. 6. 4.],"[[9.0, 3.0], [1.0, 2.0], [8.0, 1.0, 5.0, 7.0, 6.0, 4.0]]"
137,135,"[[8, 1, 5, 7, 6, 2], [8, 1, 3, 2, 4, 6], [9, 4, 3]]",[8. 1. 5. 7. 6. 3. 2. 1. 4. 9.],"[[8.0, 1.0, 5.0, 7.0, 6.0], [3.0, 2.0, 1.0, 4.0], [9.0]]"
138,136,"[[8, 1, 5, 7, 6, 2], [9, 4, 3], [8, 1, 3, 2, 4, 6]]",[8. 1. 5. 7. 6. 9. 3. 1. 2. 4.],"[[8.0, 1.0, 5.0, 7.0, 6.0], [9.0, 3.0], [1.0, 2.0, 4.0]]"
139,137,"[[9, 4, 3], [8, 1, 5, 7, 6, 2], [8, 1, 3, 2, 4, 6]]",[9. 3. 1. 5. 7. 6. 2. 8. 1. 4.],"[[9.0, 3.0], [1.0, 5.0, 7.0, 6.0, 2.0, 8.0, 1.0], [4.0]]"
140,138,"[[8, 1, 5, 7, 6, 4], [1, 3, 2, 6], [8, 1, 3, 4, 9, 6]]",[8. 1. 5. 7. 6. 3. 2. 1. 4. 9.],"[[8.0, 1.0, 5.0, 7.0, 6.0], [3.0, 2.0, 1.0], [4.0, 9.0]]"
141,139,"[[8, 1, 5, 7, 6, 4], [8, 1, 3, 4, 9, 6], [1, 3, 2, 6]]",[8. 1. 5. 7. 6. 3. 4. 9. 1. 2.],"[[8.0, 1.0, 5.0, 7.0, 6.0], [3.0, 4.0, 9.0, 1.0], [2.0]]"
142,140,"[[9, 4, 3], [8, 1, 5, 7, 6, 4], [8, 1, 2]]",[9. 3. 1. 5. 7. 6. 4. 8. 1. 2.],"[[9.0, 3.0], [1.0, 5.0, 7.0, 6.0, 4.0, 8.0, 1.0], [2.0]]"
143,141,"[[9, 4, 3], [8, 1, 2], [8, 1, 5, 7, 6, 4]]",[9. 3. 1. 2. 8. 1. 5. 7. 6. 4.],"[[9.0, 3.0], [1.0, 2.0, 8.0, 1.0], [5.0, 7.0, 6.0, 4.0]]"
144,142,"[[8, 1, 3, 4, 9, 6], [8, 1, 5, 7, 6, 4], [8, 1, 5, 7, 6, 2]]",[8. 1. 3. 4. 9. 5. 7. 6. 1. 2.],"[[8.0, 1.0, 3.0, 4.0, 9.0], [5.0, 7.0, 6.0, 1.0], [2.0]]"
145,143,"[[8, 1, 3, 4, 9, 6], [8, 1, 5, 7, 6, 2], [8, 1, 5, 7, 6, 4]]",[8. 1. 3. 4. 9. 1. 5. 7. 6. 2.],"[[8.0, 1.0, 3.0, 4.0, 9.0, 1.0], [5.0, 7.0, 6.0, 2.0], []]"
146,144,"[[9, 4, 3], [1, 5, 7, 2], [8, 1, 5, 7, 6, 4]]",[9. 3. 1. 5. 7. 2. 8. 1. 6. 4.],"[[9.0, 3.0], [1.0, 5.0, 7.0, 2.0], [8.0, 1.0, 6.0, 4.0]]"
147,145,"[[1, 5, 7, 6, 4], [8, 1, 3, 2, 4, 6], [8, 1, 3, 4, 9, 6]]",[1. 5. 7. 6. 8. 1. 3. 2. 4. 9.],"[[1.0, 5.0, 7.0, 6.0], [8.0, 1.0, 3.0, 2.0, 4.0], [9.0]]"
148,146,"[[1, 5, 7, 6, 4], [8, 1, 3, 4, 9, 6], [8, 1, 3, 2, 4, 6]]",[1. 5. 7. 6. 8. 1. 9. 3. 2. 4.],"[[1.0, 5.0, 7.0, 6.0], [8.0, 1.0, 9.0, 3.0], [2.0, 4.0]]"
149,147,"[[8, 1, 5, 7, 6, 2], [8, 1, 3, 2, 4, 6], [1, 3, 4, 9, 6]]",[8. 1. 5. 7. 6. 3. 2. 1. 4. 9.],"[[8.0, 1.0, 5.0, 7.0, 6.0], [3.0, 2.0, 1.0, 4.0], [9.0]]"
150,148,"[[8, 1, 5, 7, 6, 2], [1, 3, 4, 9, 6], [8, 1, 3, 2, 4, 6]]",[8. 1. 5. 7. 6. 3. 4. 9. 1. 2.],"[[8.0, 1.0, 5.0, 7.0, 6.0], [3.0, 4.0, 9.0, 1.0], [2.0]]"
151,149,"[[1, 3, 4, 9, 6], [8, 1, 5, 7, 6, 4], [5, 1, 2]]",[1. 3. 4. 9. 8. 5. 7. 6. 1. 2.],"[[1.0, 3.0, 4.0, 9.0], [8.0, 5.0, 7.0, 6.0, 1.0], [2.0]]"
152,150,"[[1, 3, 4, 9, 6], [5, 1, 2], [8, 1, 5, 7, 6, 4]]",[3. 9. 1. 5. 2. 8. 1. 7. 6. 4.],"[[3.0, 9.0, 1.0], [5.0, 2.0], [8.0, 1.0, 7.0, 6.0, 4.0]]"
153,151,"[[8, 1, 3, 2, 4, 6], [8, 1, 5, 7, 4], [8, 1, 3, 4, 9, 6]]",[8. 1. 3. 2. 5. 7. 1. 4. 9. 6.],"[[8.0, 1.0, 3.0, 2.0], [5.0, 7.0, 1.0, 4.0], [9.0, 6.0]]"
154,152,"[[8, 1, 5, 7, 4], [8, 1, 3, 2, 4, 6], [8, 1, 3, 4, 9, 6]]",[8. 1. 5. 7. 3. 2. 1. 4. 9. 6.],"[[8.0, 1.0, 5.0, 7.0], [3.0, 2.0, 1.0, 4.0], [9.0, 6.0]]"
155,153,"[[8, 1, 5, 7, 4], [8, 1, 3, 4, 9, 6], [8, 1, 3, 2, 4, 6]]",[8. 1. 5. 7. 3. 4. 9. 1. 2. 6.],"[[8.0, 1.0, 5.0, 7.0], [3.0, 4.0, 9.0, 1.0], [2.0, 6.0]]"
156,154,"[[8, 1, 3, 4, 9, 6], [8, 1, 5, 7, 4], [8, 1, 3, 2, 4, 6]]",[8. 1. 3. 4. 9. 5. 7. 1. 2. 6.],"[[8.0, 1.0, 3.0, 4.0, 9.0], [5.0, 7.0, 1.0], [2.0, 6.0]]"
157,155,"[[8, 1, 3, 4, 9, 6], [8, 1, 5, 7, 6, 4], [1, 5, 7, 6, 2]]",[8. 1. 3. 4. 9. 5. 7. 6. 1. 2.],"[[8.0, 1.0, 3.0, 4.0, 9.0], [5.0, 7.0, 6.0, 1.0], [2.0]]"
158,156,"[[8, 1, 3, 4, 9, 6], [1, 5, 7, 6, 2], [8, 1, 5, 7, 6, 4]]",[8. 1. 3. 4. 9. 1. 5. 7. 6. 2.],"[[8.0, 1.0, 3.0, 4.0, 9.0, 1.0], [5.0, 7.0, 6.0, 2.0], []]"
159,157,"[[8, 1, 3, 4, 9, 6], [8, 1, 5, 7, 6, 4], [5, 1, 8, 2]]",[8. 1. 3. 4. 9. 5. 7. 6. 1. 2.],"[[8.0, 1.0, 3.0, 4.0, 9.0], [5.0, 7.0, 6.0, 1.0], [2.0]]"
160,158,"[[8, 1, 3, 4, 9, 6], [5, 1, 8, 2], [8, 1, 5, 7, 6, 4]]",[8. 1. 3. 4. 9. 2. 1. 5. 7. 6.],"[[8.0, 1.0, 3.0, 4.0, 9.0], [2.0, 1.0, 5.0], [7.0, 6.0]]"
161,159,"[[8, 1, 5, 7, 6, 4], [1, 3, 2, 4, 6], [1, 3, 4, 9, 6]]",[8. 1. 5. 7. 6. 3. 2. 1. 4. 9.],"[[8.0, 1.0, 5.0, 7.0, 6.0], [3.0, 2.0, 1.0, 4.0], [9.0]]"
162,160,"[[8, 1, 5, 7, 6, 4], [1, 3, 4, 9, 6], [1, 3, 2, 4, 6]]",[8. 1. 5. 7. 6. 3. 4. 9. 1. 2.],"[[8.0, 1.0, 5.0, 7.0, 6.0], [3.0, 4.0, 9.0, 1.0], [2.0]]"
163,161,"[[1, 3, 2, 4, 9, 6], [5, 6, 1, 8, 2], [5, 6, 7]]",[1. 3. 2. 4. 9. 5. 1. 8. 6. 7.],"[[1.0, 3.0, 2.0, 4.0, 9.0], [5.0, 1.0, 8.0, 6.0], [7.0]]"
164,162,"[[1, 3, 2, 4, 9, 6], [5, 6, 7], [5, 6, 1, 8, 2]]",[1. 3. 2. 4. 9. 5. 7. 6. 1. 8.],"[[1.0, 3.0, 2.0, 4.0, 9.0], [5.0, 7.0, 6.0], [1.0, 8.0]]"
165,163,"[[1, 3, 4, 9, 6], [8, 1, 5, 7, 4], [1, 5, 7, 6, 2]]",[1. 3. 4. 9. 8. 1. 5. 7. 6. 2.],"[[1.0, 3.0, 4.0, 9.0], [8.0, 1.0, 5.0, 7.0], [6.0, 2.0]]"
166,164,"[[1, 3, 4, 9, 6], [1, 5, 7, 6, 2], [8, 1, 5, 7, 4]]",[3. 9. 1. 5. 7. 6. 2. 8. 1. 4.],"[[3.0, 9.0, 1.0], [5.0, 7.0, 6.0, 2.0], [8.0, 1.0, 4.0]]"
167,165,"[[1, 3, 4, 9, 6], [1, 5, 7, 2], [5, 6, 1, 8, 4]]",[1. 3. 4. 9. 7. 1. 2. 5. 6. 8.],"[[1.0, 3.0, 4.0, 9.0], [7.0, 1.0, 2.0, 5.0], [6.0, 8.0]]"
168,166,"[[1, 3, 4, 9, 6], [5, 6, 1, 8, 4], [1, 5, 7, 2]]",[3. 9. 1. 5. 6. 8. 4. 7. 1. 2.],"[[3.0, 9.0, 1.0], [5.0, 6.0, 8.0, 4.0], [7.0, 1.0, 2.0]]"
169,167,"[[8, 1, 3, 4, 9, 6], [8, 1, 5, 7, 6, 4], [8, 1, 5, 7, 2]]",[8. 1. 3. 4. 9. 5. 7. 6. 1. 2.],"[[8.0, 1.0, 3.0, 4.0, 9.0], [5.0, 7.0, 6.0, 1.0], [2.0]]"
170,168,"[[8, 1, 3, 4, 9, 6], [8, 1, 5, 7, 2], [8, 1, 5, 7, 6, 4]]",[8. 1. 3. 4. 9. 5. 1. 2. 7. 6.],"[[8.0, 1.0, 3.0, 4.0, 9.0], [5.0, 1.0, 2.0, 7.0], [6.0]]"
171,169,"[[9, 4, 3], [8, 1, 5, 7, 4], [8, 1, 3, 2, 6]]",[9. 3. 1. 5. 7. 4. 8. 1. 2. 6.],"[[9.0, 3.0], [1.0, 5.0, 7.0, 4.0, 8.0, 1.0], [2.0, 6.0]]"
172,170,"[[9, 4, 3], [1, 5, 7, 6, 2], [5, 1, 8, 4]]",[9. 3. 1. 5. 7. 6. 2. 1. 8. 4.],"[[9.0, 3.0], [1.0, 5.0, 7.0, 6.0, 2.0, 1.0], [8.0, 4.0]]"
173,171,"[[9, 4, 3], [5, 1, 8, 4], [1, 5, 7, 6, 2]]",[9. 3. 1. 8. 4. 5. 7. 6. 2.],"[[9.0, 3.0], [1.0, 8.0, 4.0, 5.0], [7.0, 6.0, 2.0]]"
174,172,"[[1, 3, 4, 9, 6], [8, 1, 5, 7, 4], [5, 6, 1, 2]]",[1. 3. 4. 9. 8. 1. 5. 7. 6. 2.],"[[1.0, 3.0, 4.0, 9.0], [8.0, 1.0, 5.0, 7.0], [6.0, 2.0]]"
175,173,"[[1, 3, 4, 9, 6], [5, 6, 1, 2], [8, 1, 5, 7, 4]]",[3. 9. 1. 5. 6. 2. 8. 1. 7. 4.],"[[3.0, 9.0, 1.0], [5.0, 6.0, 2.0], [8.0, 1.0, 7.0, 4.0]]"
176,174,"[[9, 4, 3], [1, 2], [8, 1, 5, 7, 6, 4]]",[9. 3. 1. 2. 8. 1. 5. 7. 6. 4.],"[[9.0, 3.0], [1.0, 2.0], [8.0, 1.0, 5.0, 7.0, 6.0, 4.0]]"
177,175,"[[1, 3, 4, 9, 6], [8, 1, 5, 7, 6, 4], [5, 6, 1, 8, 2]]",[1. 3. 4. 9. 8. 5. 7. 6. 1. 2.],"[[1.0, 3.0, 4.0, 9.0], [8.0, 5.0, 7.0, 6.0, 1.0], [2.0]]"
178,176,"[[1, 3, 4, 9, 6], [5, 6, 1, 8, 2], [8, 1, 5, 7, 6, 4]]",[1. 3. 4. 9. 8. 1. 2. 5. 7. 6.],"[[1.0, 3.0, 4.0, 9.0], [8.0, 1.0, 2.0, 5.0], [7.0, 6.0]]"
179,177,"[[1, 3, 2, 4, 9, 6], [1, 5, 7, 4], [5, 6, 1, 8, 2]]",[1. 3. 2. 4. 9. 5. 7. 1. 6. 8.],"[[1.0, 3.0, 2.0, 4.0, 9.0], [5.0, 7.0, 1.0], [6.0, 8.0]]"
180,178,"[[1, 3, 2, 4, 9, 6], [5, 6, 1, 8, 2], [1, 5, 7, 4]]",[3. 9. 1. 5. 6. 8. 2. 7. 1. 4.],"[[3.0, 9.0, 1.0], [5.0, 6.0, 8.0, 2.0], [7.0, 1.0, 4.0]]"
181,179,"[[1, 3, 2, 4, 9, 6], [1, 5, 7, 2], [3, 1, 8, 6]]",[1. 3. 2. 4. 9. 5. 7. 1. 8. 6.],"[[1.0, 3.0, 2.0, 4.0, 9.0], [5.0, 7.0, 1.0], [8.0, 6.0]]"
182,180,"[[1, 5, 7, 2], [1, 3, 2, 4, 9, 6], [3, 1, 8, 6]]",[1. 5. 7. 3. 2. 4. 9. 1. 8. 6.],"[[1.0, 5.0, 7.0], [3.0, 2.0, 4.0, 9.0, 1.0], [8.0, 6.0]]"
183,181,"[[1, 5, 7, 2], [3, 1, 8, 6], [1, 3, 2, 4, 9, 6]]",[1. 5. 7. 3. 8. 1. 2. 4. 9. 6.],"[[1.0, 5.0, 7.0], [3.0, 8.0, 1.0], [2.0, 4.0, 9.0, 6.0]]"
184,182,"[[3, 1, 8, 6], [1, 5, 7, 2], [1, 3, 2, 4, 9, 6]]",[1. 8. 5. 7. 1. 3. 2. 4. 9. 6.],"[[1.0, 8.0], [5.0, 7.0, 1.0], [3.0, 2.0, 4.0, 9.0, 6.0]]"
185,183,"[[2, 3], [5, 6, 1, 8, 2], [9, 4, 1], [5, 6, 7]]",[3. 1. 8. 2. 9. 4. 1. 5. 6. 7.],"[[3.0], [1.0, 8.0, 2.0], [9.0, 4.0, 1.0], [5.0, 6.0, 7.0]]"
186,184,"[[2, 3], [5, 6, 1, 8, 2], [5, 6, 7], [9, 4, 1]]",[3. 1. 8. 2. 5. 6. 7. 9. 4. 1.],"[[3.0], [1.0, 8.0, 2.0, 5.0, 6.0], [7.0], [9.0, 4.0, 1.0]]"
187,185,"[[8, 1, 3, 4, 9, 6], [8, 1, 5, 7, 6, 4], [5, 1, 2]]",[8. 1. 3. 4. 9. 5. 7. 6. 1. 2.],"[[8.0, 1.0, 3.0, 4.0, 9.0], [5.0, 7.0, 6.0, 1.0], [2.0]]"
188,186,"[[8, 1, 3, 4, 9, 6], [5, 1, 2], [8, 1, 5, 7, 6, 4]]",[8. 1. 3. 4. 9. 2. 1. 5. 7. 6.],"[[8.0, 1.0, 3.0, 4.0, 9.0], [2.0, 1.0, 5.0], [7.0, 6.0]]"
189,187,"[[1, 3, 4, 9, 6], [1, 5, 7, 2], [8, 1, 5, 7, 4]]",[3. 9. 6. 5. 1. 2. 8. 1. 7. 4.],"[[3.0, 9.0, 6.0], [5.0, 1.0, 2.0], [8.0, 1.0, 7.0, 4.0]]"
190,188,"[[1, 3, 4, 9, 6], [8, 1, 5, 7, 6, 4], [1, 5, 7, 6, 2]]",[1. 3. 4. 9. 8. 5. 7. 6. 1. 2.],"[[1.0, 3.0, 4.0, 9.0], [8.0, 5.0, 7.0, 6.0, 1.0], [2.0]]"
191,189,"[[1, 3, 4, 9, 6], [1, 5, 7, 6, 2], [8, 1, 5, 7, 6, 4]]",[3. 9. 1. 5. 7. 6. 2. 8. 1. 4.],"[[3.0, 9.0, 1.0], [5.0, 7.0, 6.0, 2.0], [8.0, 1.0, 4.0]]"
192,190,"[[1, 3, 2, 4, 9, 6], [1, 5, 7, 4], [8, 1, 3, 4, 6]]",[1. 3. 2. 4. 9. 5. 7. 1. 8. 6.],"[[1.0, 3.0, 2.0, 4.0, 9.0], [5.0, 7.0, 1.0], [8.0, 6.0]]"
193,191,"[[1, 5, 7, 4], [1, 3, 2, 4, 9, 6], [8, 1, 3, 4, 6]]",[1. 5. 7. 3. 2. 4. 9. 1. 8. 6.],"[[1.0, 5.0, 7.0], [3.0, 2.0, 4.0, 9.0, 1.0], [8.0, 6.0]]"
194,192,"[[1, 5, 7, 4], [8, 1, 3, 4, 6], [1, 3, 2, 4, 9, 6]]",[1. 5. 7. 8. 1. 3. 2. 4. 9. 6.],"[[1.0, 5.0, 7.0], [8.0, 1.0, 3.0], [2.0, 4.0, 9.0, 6.0]]"
195,193,"[[8, 1, 3, 4, 6], [1, 5, 7, 4], [1, 3, 2, 4, 9, 6]]",[8. 1. 3. 4. 5. 7. 1. 2. 9. 6.],"[[8.0, 1.0, 3.0, 4.0], [5.0, 7.0, 1.0], [2.0, 9.0, 6.0]]"
196,194,"[[1, 3, 4, 9, 6], [1, 5, 7, 6, 4], [5, 1, 8, 2]]",[1. 3. 4. 9. 5. 7. 6. 1. 8. 2.],"[[1.0, 3.0, 4.0, 9.0], [5.0, 7.0, 6.0, 1.0], [8.0, 2.0]]"
197,195,"[[1, 3, 4, 9, 6], [5, 1, 8, 2], [1, 5, 7, 6, 4]]",[1. 3. 4. 9. 8. 1. 2. 5. 7. 6.],"[[1.0, 3.0, 4.0, 9.0], [8.0, 1.0, 2.0, 5.0], [7.0, 6.0]]"
198,196,"[[8, 1, 5, 7, 6, 2], [8, 1, 3, 2, 4, 6], [8, 1, 3, 4, 9, 6]]",[8. 1. 5. 7. 6. 3. 2. 1. 4. 9.],"[[8.0, 1.0, 5.0, 7.0, 6.0], [3.0, 2.0, 1.0, 4.0], [9.0]]"
199,197,"[[8, 1, 5, 7, 6, 2], [8, 1, 3, 4, 9, 6], [8, 1, 3, 2, 4, 6]]",[8. 1. 5. 7. 6. 3. 4. 9. 1. 2.],"[[8.0, 1.0, 5.0, 7.0, 6.0], [3.0, 4.0, 9.0, 1.0], [2.0]]"
200,198,"[[8, 1, 3, 2, 6], [8, 1, 5, 7, 4], [1, 3, 4, 9, 6]]",[8. 1. 3. 2. 5. 7. 1. 4. 9. 6.],"[[8.0, 1.0, 3.0, 2.0], [5.0, 7.0, 1.0, 4.0], [9.0, 6.0]]"
201,199,"[[8, 1, 5, 7, 4], [8, 1, 3, 2, 6], [1, 3, 4, 9, 6]]",[8. 1. 5. 7. 3. 2. 1. 4. 9. 6.],"[[8.0, 1.0, 5.0, 7.0], [3.0, 2.0, 1.0], [4.0, 9.0, 6.0]]"
202,200,"[[8, 1, 5, 7, 4], [1, 3, 4, 9, 6], [8, 1, 3, 2, 6]]",[8. 1. 5. 7. 3. 4. 9. 1. 2. 6.],"[[8.0, 1.0, 5.0, 7.0], [3.0, 4.0, 9.0, 1.0], [2.0, 6.0]]"
203,201,"[[1, 3, 4, 9, 6], [8, 1, 5, 7, 4], [8, 1, 3, 2, 6]]",[1. 3. 4. 9. 8. 5. 7. 1. 2. 6.],"[[1.0, 3.0, 4.0, 9.0], [8.0, 5.0, 7.0, 1.0], [2.0, 6.0]]"
204,202,"[[8, 1, 3, 4, 9, 6], [5, 6, 1, 2], [8, 1, 5, 7, 4]]",[3. 9. 1. 5. 6. 2. 8. 1. 7. 4.],"[[3.0, 9.0, 1.0], [5.0, 6.0, 2.0], [8.0, 1.0, 7.0, 4.0]]"
205,203,"[[8, 1, 3, 4, 9, 6], [8, 1, 5, 7, 4], [5, 6, 1, 2]]",[8. 1. 3. 4. 9. 5. 7. 1. 6. 2.],"[[8.0, 1.0, 3.0, 4.0, 9.0], [5.0, 7.0, 1.0], [6.0, 2.0]]"
206,204,"[[1, 3, 4, 9, 6], [5, 6, 1, 8, 2], [5, 6, 7]]",[1. 3. 4. 9. 5. 1. 8. 2. 6. 7.],"[[1.0, 3.0, 4.0, 9.0], [5.0, 1.0, 8.0, 2.0, 6.0], [7.0]]"
207,205,"[[1, 3, 4, 9, 6], [5, 6, 7], [5, 6, 1, 8, 2]]",[1. 3. 4. 9. 5. 7. 6. 1. 8. 2.],"[[1.0, 3.0, 4.0, 9.0], [5.0, 7.0, 6.0], [1.0, 8.0, 2.0]]"
208,206,"[[8, 1, 3, 4, 9, 6], [5, 1, 2], [1, 5, 7, 4]]",[8. 3. 9. 6. 5. 1. 2. 7. 1. 4.],"[[8.0, 3.0, 9.0, 6.0], [5.0, 1.0, 2.0], [7.0, 1.0, 4.0]]"
209,207,"[[1, 5, 7, 6, 2], [1, 3, 2, 4, 9, 6], [8, 1, 3, 2, 6]]",[1. 5. 7. 6. 3. 2. 4. 9. 1. 8.],"[[1.0, 5.0, 7.0, 6.0], [3.0, 2.0, 4.0, 9.0, 1.0], [8.0]]"
210,208,"[[1, 5, 7, 6, 2], [8, 1, 3, 2, 6], [1, 3, 2, 4, 9, 6]]",[1. 5. 7. 6. 8. 3. 2. 1. 4. 9.],"[[1.0, 5.0, 7.0, 6.0], [8.0, 3.0, 2.0, 1.0], [4.0, 9.0]]"
211,209,"[[9, 4, 3], [8, 1, 5, 7, 6, 4], [8, 1, 5, 7, 6, 2]]",[9. 3. 1. 5. 7. 6. 4. 8. 1. 2.],"[[9.0, 3.0], [1.0, 5.0, 7.0, 6.0, 4.0, 8.0, 1.0], [2.0]]"
212,210,"[[9, 4, 3], [8, 1, 5, 7, 6, 2], [8, 1, 5, 7, 6, 4]]",[9. 3. 1. 5. 7. 6. 2. 8. 1. 4.],"[[9.0, 3.0], [1.0, 5.0, 7.0, 6.0, 2.0, 8.0, 1.0], [4.0]]"
213,211,"[[1, 3, 2, 4, 9, 6], [5, 6, 7], [5, 6, 1, 8, 4]]",[1. 3. 2. 4. 9. 5. 7. 6. 1. 8.],"[[1.0, 3.0, 2.0, 4.0, 9.0], [5.0, 7.0, 6.0], [1.0, 8.0]]"
214,212,"[[1, 3, 2, 4, 9, 6], [5, 6, 1, 8, 4], [5, 6, 7]]",[1. 3. 2. 4. 9. 5. 1. 8. 6. 7.],"[[1.0, 3.0, 2.0, 4.0, 9.0], [5.0, 1.0, 8.0, 6.0], [7.0]]"
215,213,"[[8, 1, 3, 4, 9, 6], [8, 1, 5, 7, 6, 4], [1, 5, 7, 2]]",[8. 1. 3. 4. 9. 5. 7. 6. 1. 2.],"[[8.0, 1.0, 3.0, 4.0, 9.0], [5.0, 7.0, 6.0, 1.0], [2.0]]"
216,214,"[[8, 1, 3, 4, 9, 6], [1, 5, 7, 2], [8, 1, 5, 7, 6, 4]]",[8. 1. 3. 4. 9. 5. 1. 2. 7. 6.],"[[8.0, 1.0, 3.0, 4.0, 9.0], [5.0, 1.0, 2.0, 7.0], [6.0]]"
217,215,"[[8, 1, 3, 4, 9, 6], [5, 6, 7], [5, 6, 1, 2]]",[8. 1. 3. 4. 9. 5. 7. 6. 1. 2.],"[[8.0, 1.0, 3.0, 4.0, 9.0], [5.0, 7.0, 6.0], [1.0, 2.0]]"
218,216,"[[8, 1, 3, 4, 9, 6], [5, 6, 1, 2], [5, 6, 7]]",[8. 1. 3. 4. 9. 5. 1. 2. 6. 7.],"[[8.0, 1.0, 3.0, 4.0, 9.0], [5.0, 1.0, 2.0, 6.0], [7.0]]"
219,217,"[[1, 5, 7, 6, 4], [3, 1, 8, 6], [1, 3, 2, 6], [1, 3, 4, 9, 6]]",[1. 5. 7. 6. 8. 3. 2. 1. 4. 9.],"[[1.0, 5.0, 7.0, 6.0], [8.0, 3.0], [2.0, 1.0], [4.0, 9.0]]"
220,218,"[[1, 5, 7, 6, 4], [3, 1, 8, 6], [1, 3, 4, 9, 6], [1, 3, 2, 6]]",[1. 5. 7. 6. 8. 3. 4. 9. 1. 2.],"[[1.0, 5.0, 7.0, 6.0], [8.0, 3.0], [4.0, 9.0, 1.0], [2.0]]"
221,219,"[[1, 5, 7, 6, 4], [1, 3, 2, 6], [3, 1, 8, 6], [1, 3, 4, 9, 6]]",[1. 5. 7. 6. 1. 3. 2. 8. 1. 4. 9.],"[[1.0, 5.0, 7.0, 6.0, 1.0], [3.0, 2.0], [8.0, 1.0], [4.0, 9.0]]"
222,220,"[[1, 5, 7, 6, 4], [1, 3, 2, 6], [1, 3, 4, 9, 6], [3, 1, 8, 6]]",[1. 5. 7. 6. 1. 3. 2. 4. 9. 1. 8.],"[[1.0, 5.0, 7.0, 6.0, 1.0], [3.0, 2.0], [4.0, 9.0, 1.0], [8.0]]"
223,221,"[[1, 5, 7, 6, 4], [1, 3, 4, 9, 6], [3, 1, 8, 6], [1, 3, 2, 6]]",[1. 5. 7. 6. 1. 3. 4. 9. 8. 1. 2.],"[[1.0, 5.0, 7.0, 6.0, 1.0], [3.0, 4.0, 9.0], [8.0, 1.0], [2.0]]"
224,222,"[[1, 5, 7, 6, 4], [1, 3, 4, 9, 6], [1, 3, 2, 6], [3, 1, 8, 6]]",[1. 5. 7. 6. 1. 3. 4. 9. 2. 1. 8.],"[[1.0, 5.0, 7.0, 6.0, 1.0], [3.0, 4.0, 9.0], [2.0, 1.0], [8.0]]"
225,223,"[[2, 3], [1, 5, 7, 2], [5, 6, 1, 8, 4], [9, 4, 1]]",[3. 1. 5. 7. 2. 6. 1. 8. 4. 9.],"[[3.0], [1.0, 5.0, 7.0, 2.0], [6.0, 1.0, 8.0, 4.0], [9.0]]"
226,224,"[[2, 3], [1, 5, 7, 2], [9, 4, 1], [5, 6, 1, 8, 4]]",[3. 1. 5. 7. 2. 9. 4. 1. 6. 8.],"[[3.0], [1.0, 5.0, 7.0, 2.0], [9.0, 4.0, 1.0], [6.0, 8.0]]"
227,225,"[[8, 1, 5, 7, 4], [1, 3, 2, 6], [1, 3, 4, 9, 6]]",[8. 1. 5. 7. 3. 2. 1. 4. 9. 6.],"[[8.0, 1.0, 5.0, 7.0], [3.0, 2.0, 1.0], [4.0, 9.0, 6.0]]"
228,226,"[[8, 1, 5, 7, 4], [1, 3, 4, 9, 6], [1, 3, 2, 6]]",[8. 1. 5. 7. 3. 4. 9. 1. 2. 6.],"[[8.0, 1.0, 5.0, 7.0], [3.0, 4.0, 9.0, 1.0], [2.0, 6.0]]"
229,227,"[[1, 3, 2, 6], [8, 1, 5, 7, 4], [1, 3, 4, 9, 6]]",[1. 3. 2. 8. 1. 5. 7. 4. 9. 6.],"[[1.0, 3.0, 2.0], [8.0, 1.0, 5.0, 7.0, 4.0], [9.0, 6.0]]"
230,228,"[[1, 3, 4, 9, 6], [8, 1, 5, 7, 4], [1, 3, 2, 6]]",[1. 3. 4. 9. 8. 5. 7. 1. 2. 6.],"[[1.0, 3.0, 4.0, 9.0], [8.0, 5.0, 7.0, 1.0], [2.0, 6.0]]"
231,229,"[[2, 3], [5, 6, 1, 8, 4], [1, 5, 7, 6, 2], [9, 4, 1]]",[3. 1. 8. 4. 5. 7. 6. 2. 9. 1.],"[[3.0], [1.0, 8.0, 4.0, 5.0], [7.0, 6.0, 2.0], [9.0, 1.0]]"
232,230,"[[2, 3], [5, 6, 1, 8, 4], [9, 4, 1], [1, 5, 7, 6, 2]]",[3. 1. 8. 4. 9. 1. 5. 7. 6. 2.],"[[3.0], [1.0, 8.0, 4.0], [9.0, 1.0], [5.0, 7.0, 6.0, 2.0]]"
233,231,"[[2, 3], [1, 5, 7, 6, 2], [5, 6, 1, 8, 4], [9, 4, 1]]",[3. 1. 5. 7. 6. 2. 8. 1. 4. 9.],"[[3.0], [1.0, 5.0, 7.0, 6.0, 2.0], [8.0, 1.0, 4.0], [9.0]]"
234,232,"[[2, 3], [1, 5, 7, 6, 2], [9, 4, 1], [5, 6, 1, 8, 4]]",[3. 1. 5. 7. 6. 2. 9. 4. 1. 8.],"[[3.0], [1.0, 5.0, 7.0, 6.0, 2.0], [9.0, 4.0, 1.0], [8.0]]"
235,233,"[[9, 4, 3], [1, 5, 7, 6, 4], [8, 1, 5, 7, 2]]",[9. 3. 1. 5. 7. 6. 4. 8. 1. 2.],"[[9.0, 3.0], [1.0, 5.0, 7.0, 6.0, 4.0], [8.0, 1.0, 2.0]]"
236,234,"[[9, 4, 3], [5, 6, 1, 8, 2], [1, 5, 7, 6, 4]]",[9. 3. 1. 8. 2. 5. 7. 6. 4.],"[[9.0, 3.0], [1.0, 8.0, 2.0, 5.0], [7.0, 6.0, 4.0]]"
237,235,"[[9, 4, 3], [1, 5, 7, 6, 4], [5, 6, 1, 8, 2]]",[9. 3. 1. 5. 7. 6. 4. 1. 8. 2.],"[[9.0, 3.0], [1.0, 5.0, 7.0, 6.0, 4.0, 1.0], [8.0, 2.0]]"
238,236,"[[1, 5, 7, 6, 2], [1, 3, 2, 4, 9, 6], [8, 1, 3, 4, 6]]",[1. 5. 7. 6. 3. 2. 4. 9. 1. 8.],"[[1.0, 5.0, 7.0, 6.0], [3.0, 2.0, 4.0, 9.0, 1.0], [8.0]]"
239,237,"[[1, 5, 7, 6, 2], [8, 1, 3, 4, 6], [1, 3, 2, 4, 9, 6]]",[1. 5. 7. 6. 8. 1. 3. 2. 4. 9.],"[[1.0, 5.0, 7.0, 6.0], [8.0, 1.0, 3.0], [2.0, 4.0, 9.0]]"
240,238,"[[1, 3, 2, 4, 9, 6], [5, 1, 8, 2], [5, 6, 7]]",[1. 3. 2. 4. 9. 5. 8. 1. 6. 7.],"[[1.0, 3.0, 2.0, 4.0, 9.0], [5.0, 8.0, 1.0], [6.0, 7.0]]"
241,239,"[[1, 3, 2, 4, 9, 6], [5, 6, 7], [5, 1, 8, 2]]",[1. 3. 2. 4. 9. 1. 5. 6. 7. 1. 8.],"[[1.0, 3.0, 2.0, 4.0, 9.0, 1.0], [5.0, 6.0, 7.0], [1.0, 8.0]]"
242,240,"[[1, 3, 2, 4, 9, 6], [5, 1, 8, 4], [1, 5, 7, 6, 2]]",[1. 3. 2. 4. 9. 8. 1. 5. 7. 6.],"[[1.0, 3.0, 2.0, 4.0, 9.0], [8.0, 1.0, 5.0], [7.0, 6.0]]"
243,241,"[[1, 3, 2, 4, 9, 6], [1, 5, 7, 6, 2], [5, 1, 8, 4]]",[1. 3. 2. 4. 9. 5. 7. 6. 1. 8.],"[[1.0, 3.0, 2.0, 4.0, 9.0], [5.0, 7.0, 6.0, 1.0], [8.0]]"
244,242,"[[1, 3, 4, 9, 6], [5, 1, 8, 4], [1, 5, 7, 2]]",[3. 9. 6. 5. 1. 8. 4. 7. 1. 2.],"[[3.0, 9.0, 6.0], [5.0, 1.0, 8.0, 4.0], [7.0, 1.0, 2.0]]"
245,243,"[[8, 1, 3, 4, 6], [8, 1, 5, 7, 2], [1, 3, 4, 9, 6]]",[8. 1. 3. 5. 7. 2. 1. 4. 9. 6.],"[[8.0, 1.0, 3.0], [5.0, 7.0, 2.0, 1.0], [4.0, 9.0, 6.0]]"
246,244,"[[1, 3, 4, 9, 6], [8, 1, 5, 7, 2], [8, 1, 3, 4, 6]]",[1. 3. 4. 9. 8. 5. 7. 2. 1. 6.],"[[1.0, 3.0, 4.0, 9.0], [8.0, 5.0, 7.0, 2.0, 1.0], [6.0]]"
247,245,"[[8, 1, 5, 7, 6, 2], [8, 1, 3, 2, 4, 6], [1, 3, 2, 4, 9, 6]]",[8. 1. 5. 7. 6. 3. 2. 1. 4. 9.],"[[8.0, 1.0, 5.0, 7.0, 6.0], [3.0, 2.0, 1.0, 4.0], [9.0]]"
248,246,"[[8, 1, 5, 7, 6, 2], [1, 3, 2, 4, 9, 6], [8, 1, 3, 2, 4, 6]]",[8. 1. 5. 7. 6. 1. 3. 2. 4. 9.],"[[8.0, 1.0, 5.0, 7.0, 6.0, 1.0], [3.0, 2.0, 4.0, 9.0], []]"
249,247,"[[1, 3, 2, 4, 9, 6], [5, 6, 1, 8, 4], [1, 5, 7, 6, 2]]",[1. 3. 2. 4. 9. 8. 1. 5. 7. 6.],"[[1.0, 3.0, 2.0, 4.0, 9.0], [8.0, 1.0, 5.0], [7.0, 6.0]]"
250,248,"[[1, 3, 2, 4, 9, 6], [1, 5, 7, 6, 2], [5, 6, 1, 8, 4]]",[1. 3. 2. 4. 9. 5. 7. 6. 1. 8.],"[[1.0, 3.0, 2.0, 4.0, 9.0], [5.0, 7.0, 6.0, 1.0], [8.0]]"
251,249,"[[8, 1, 3, 4, 9, 6], [5, 1, 2], [8, 1, 5, 7, 4]]",[3. 9. 6. 5. 1. 2. 8. 1. 7. 4.],"[[3.0, 9.0, 6.0], [5.0, 1.0, 2.0], [8.0, 1.0, 7.0, 4.0]]"
252,250,"[[1, 3, 2, 4, 9, 6], [1, 5, 7, 4], [3, 1, 8, 6]]",[1. 3. 2. 4. 9. 5. 7. 1. 8. 6.],"[[1.0, 3.0, 2.0, 4.0, 9.0], [5.0, 7.0, 1.0], [8.0, 6.0]]"
253,251,"[[1, 5, 7, 4], [1, 3, 2, 4, 9, 6], [3, 1, 8, 6]]",[1. 5. 7. 3. 2. 4. 9. 1. 8. 6.],"[[1.0, 5.0, 7.0], [3.0, 2.0, 4.0, 9.0, 1.0], [8.0, 6.0]]"
254,252,"[[1, 5, 7, 4], [3, 1, 8, 6], [1, 3, 2, 4, 9, 6]]",[1. 5. 7. 3. 8. 1. 2. 4. 9. 6.],"[[1.0, 5.0, 7.0], [3.0, 8.0, 1.0], [2.0, 4.0, 9.0, 6.0]]"
255,253,"[[3, 1, 8, 6], [1, 5, 7, 4], [1, 3, 2, 4, 9, 6]]",[3. 1. 8. 5. 7. 1. 2. 4. 9. 6.],"[[3.0, 1.0, 8.0], [5.0, 7.0, 1.0], [2.0, 4.0, 9.0, 6.0]]"
256,254,"[[1, 5, 7, 6, 4], [8, 1, 3, 4, 9, 6], [8, 1, 3, 2, 6]]",[1. 5. 7. 6. 8. 3. 4. 9. 1. 2.],"[[1.0, 5.0, 7.0, 6.0], [8.0, 3.0, 4.0, 9.0, 1.0], [2.0]]"
257,255,"[[1, 5, 7, 6, 4], [8, 1, 3, 2, 6], [8, 1, 3, 4, 9, 6]]",[1. 5. 7. 6. 8. 3. 2. 1. 4. 9.],"[[1.0, 5.0, 7.0, 6.0], [8.0, 3.0, 2.0, 1.0], [4.0, 9.0]]"
258,256,"[[1, 3, 4, 9, 6], [5, 6, 1, 8, 2], [1, 5, 7, 4]]",[3. 9. 1. 5. 6. 8. 2. 7. 1. 4.],"[[3.0, 9.0, 1.0], [5.0, 6.0, 8.0, 2.0], [7.0, 1.0, 4.0]]"
259,257,"[[1, 3, 4, 9, 6], [1, 5, 7, 4], [5, 6, 1, 8, 2]]",[1. 3. 4. 9. 5. 7. 1. 6. 8. 2.],"[[1.0, 3.0, 4.0, 9.0], [5.0, 7.0, 1.0], [6.0, 8.0, 2.0]]"
260,258,"[[1, 3, 4, 9, 6], [5, 6, 1, 8, 2], [1, 5, 7, 2]]",[1. 3. 4. 9. 1. 5. 6. 8. 2. 7. 1.],"[[1.0, 3.0, 4.0, 9.0, 1.0], [5.0, 6.0, 8.0, 2.0], [7.0, 1.0]]"
261,259,"[[1, 3, 4, 9, 6], [1, 5, 7, 2], [5, 6, 1, 8, 2]]",[1. 3. 4. 9. 7. 1. 2. 5. 6. 8.],"[[1.0, 3.0, 4.0, 9.0], [7.0, 1.0, 2.0, 5.0], [6.0, 8.0]]"
262,260,"[[5, 1, 8, 4], [1, 3, 2, 4, 6], [9, 4, 3], [7, 6, 1]]",[5. 1. 8. 3. 2. 1. 4. 9. 7. 6. 1.],"[[5.0, 1.0, 8.0], [3.0, 2.0, 1.0, 4.0], [9.0], [7.0, 6.0, 1.0]]"
263,261,"[[5, 1, 8, 4], [9, 4, 3], [1, 3, 2, 4, 6], [7, 6, 1]]",[5. 8. 9. 3. 1. 2. 4. 6. 7.],"[[5.0, 8.0], [9.0, 3.0], [1.0, 2.0, 4.0, 6.0], [7.0]]"
264,262,"[[5, 1, 8, 4], [7, 6, 1], [1, 3, 2, 4, 6], [9, 4, 3]]",[5. 1. 8. 7. 6. 1. 3. 2. 1. 4. 9.],"[[5.0, 1.0, 8.0], [7.0, 6.0, 1.0], [3.0, 2.0, 1.0, 4.0], [9.0]]"
265,263,"[[5, 1, 8, 4], [7, 6, 1], [9, 4, 3], [1, 3, 2, 4, 6]]",[5. 1. 8. 7. 6. 9. 3. 1. 2. 4.],"[[5.0, 1.0, 8.0], [7.0, 6.0], [9.0, 3.0], [1.0, 2.0, 4.0]]"
266,264,"[[1, 5, 7, 6, 4], [1, 3, 2, 4, 9, 6], [3, 1, 8, 6]]",[1. 5. 7. 6. 3. 2. 4. 9. 1. 8.],"[[1.0, 5.0, 7.0, 6.0], [3.0, 2.0, 4.0, 9.0, 1.0], [8.0]]"
267,265,"[[1, 5, 7, 6, 4], [3, 1, 8, 6], [1, 3, 2, 4, 9, 6]]",[1. 5. 7. 6. 3. 8. 1. 2. 4. 9.],"[[1.0, 5.0, 7.0, 6.0], [3.0, 8.0, 1.0], [2.0, 4.0, 9.0]]"
268,266,"[[1, 3, 2, 4, 9, 6], [5, 1, 8, 4], [5, 6, 7]]",[1. 3. 2. 4. 9. 5. 8. 1. 6. 7.],"[[1.0, 3.0, 2.0, 4.0, 9.0], [5.0, 8.0, 1.0], [6.0, 7.0]]"
269,267,"[[1, 3, 2, 4, 9, 6], [5, 6, 7], [5, 1, 8, 4]]",[1. 3. 2. 4. 9. 1. 5. 6. 7. 1. 8.],"[[1.0, 3.0, 2.0, 4.0, 9.0, 1.0], [5.0, 6.0, 7.0], [1.0, 8.0]]"
270,268,"[[9, 4, 3], [8, 1, 5, 7, 4], [5, 6, 1, 8, 2]]",[9. 3. 1. 7. 4. 5. 6. 8. 2.],"[[9.0, 3.0], [1.0, 7.0, 4.0, 5.0], [6.0, 8.0, 2.0]]"
271,269,"[[8, 1, 3, 4, 9, 6], [5, 6, 7], [5, 1, 2]]",[8. 1. 3. 4. 9. 1. 5. 6. 7. 1. 2.],"[[8.0, 1.0, 3.0, 4.0, 9.0, 1.0], [5.0, 6.0, 7.0], [1.0, 2.0]]"
272,270,"[[8, 1, 3, 4, 9, 6], [5, 6, 1, 8, 2], [1, 5, 7, 6, 4]]",[8. 1. 3. 4. 9. 2. 1. 5. 7. 6.],"[[8.0, 1.0, 3.0, 4.0, 9.0], [2.0, 1.0, 5.0], [7.0, 6.0]]"
273,271,"[[8, 1, 3, 4, 9, 6], [1, 5, 7, 6, 4], [5, 6, 1, 8, 2]]",[8. 1. 3. 4. 9. 5. 7. 6. 1. 2.],"[[8.0, 1.0, 3.0, 4.0, 9.0], [5.0, 7.0, 6.0, 1.0], [2.0]]"
274,272,"[[3, 4], [1, 2], [8, 1, 5, 7, 6, 4], [9, 4, 1]]",[3. 1. 2. 8. 1. 5. 7. 6. 4. 9.],"[[3.0], [1.0, 2.0], [8.0, 1.0, 5.0, 7.0, 6.0, 4.0], [9.0]]"
275,273,"[[3, 4], [1, 2], [9, 4, 1], [8, 1, 5, 7, 6, 4]]",[3. 1. 2. 9. 4. 1. 8. 5. 7. 6.],"[[3.0], [1.0, 2.0], [9.0, 4.0, 1.0], [8.0, 5.0, 7.0, 6.0]]"
276,274,"[[8, 1, 3, 4, 9, 6], [5, 7], [5, 6, 1, 2]]",[8. 1. 3. 4. 9. 5. 7. 6. 1. 2.],"[[8.0, 1.0, 3.0, 4.0, 9.0], [5.0, 7.0], [6.0, 1.0, 2.0]]"
277,275,"[[9, 4, 3], [8, 1, 5, 7, 2], [5, 6, 1, 8, 4]]",[9. 3. 1. 7. 2. 5. 6. 8. 4.],"[[9.0, 3.0], [1.0, 7.0, 2.0, 5.0], [6.0, 8.0, 4.0]]"
278,276,"[[1, 3, 4, 9, 6], [1, 5, 7, 6, 4], [5, 6, 1, 8, 2]]",[1. 3. 4. 9. 5. 7. 6. 1. 8. 2.],"[[1.0, 3.0, 4.0, 9.0], [5.0, 7.0, 6.0, 1.0], [8.0, 2.0]]"
279,277,"[[1, 3, 4, 9, 6], [5, 6, 1, 8, 2], [1, 5, 7, 6, 4]]",[1. 3. 4. 9. 8. 1. 2. 5. 7. 6.],"[[1.0, 3.0, 4.0, 9.0], [8.0, 1.0, 2.0, 5.0], [7.0, 6.0]]"
280,278,"[[1, 3, 4, 9, 6], [8, 1, 5, 7, 6, 4], [8, 1, 5, 7, 6, 2]]",[1. 3. 4. 9. 8. 5. 7. 6. 1. 2.],"[[1.0, 3.0, 4.0, 9.0], [8.0, 5.0, 7.0, 6.0, 1.0], [2.0]]"
281,279,"[[1, 3, 4, 9, 6], [8, 1, 5, 7, 6, 2], [8, 1, 5, 7, 6, 4]]",[1. 3. 4. 9. 1. 8. 5. 7. 6. 2.],"[[1.0, 3.0, 4.0, 9.0, 1.0], [8.0, 5.0, 7.0, 6.0, 2.0], []]"
282,280,"[[8, 1, 3, 4, 9, 6], [5, 1, 8, 2], [1, 5, 7, 4]]",[8. 3. 9. 6. 5. 1. 2. 7. 1. 4.],"[[8.0, 3.0, 9.0, 6.0], [5.0, 1.0, 2.0], [7.0, 1.0, 4.0]]"
283,281,"[[8, 1, 3, 4, 9, 6], [5, 6, 1, 8, 2], [8, 1, 5, 7, 4]]",[8. 3. 9. 1. 5. 6. 2. 7. 1. 4.],"[[8.0, 3.0, 9.0, 1.0], [5.0, 6.0, 2.0], [7.0, 1.0, 4.0]]"
284,282,"[[8, 1, 3, 4, 9, 6], [8, 1, 5, 7, 4], [5, 6, 1, 8, 2]]",[8. 1. 3. 4. 9. 5. 7. 1. 6. 2.],"[[8.0, 1.0, 3.0, 4.0, 9.0], [5.0, 7.0, 1.0], [6.0, 2.0]]"
285,283,"[[1, 3, 2, 4, 9, 6], [1, 5, 7, 4], [8, 1, 6]]",[1. 3. 2. 4. 9. 5. 7. 1. 8. 6.],"[[1.0, 3.0, 2.0, 4.0, 9.0], [5.0, 7.0, 1.0], [8.0, 6.0]]"
286,284,"[[3, 1, 6], [8, 1, 5, 7, 4], [9, 4, 1], [1, 5, 7, 6, 2]]",[3. 1. 8. 5. 7. 4. 9. 1. 6. 2.],"[[3.0, 1.0], [8.0, 5.0, 7.0, 4.0], [9.0, 1.0], [6.0, 2.0]]"
287,285,"[[3, 1, 6], [8, 1, 5, 7, 4], [1, 5, 7, 6, 2], [9, 4, 1]]",[3. 1. 8. 1. 5. 4. 7. 6. 2. 9. 1.],"[[3.0, 1.0], [8.0, 1.0, 5.0, 4.0, 7.0], [6.0, 2.0], [9.0, 1.0]]"
288,286,"[[3, 1, 6], [9, 4, 1], [8, 1, 5, 7, 4], [1, 5, 7, 6, 2]]",[3. 1. 9. 4. 8. 5. 7. 6. 1. 2.],"[[3.0, 1.0], [9.0, 4.0], [8.0, 5.0, 7.0], [6.0, 1.0, 2.0]]"
289,287,"[[3, 1, 6], [9, 4, 1], [1, 5, 7, 6, 2], [8, 1, 5, 7, 4]]",[3. 1. 9. 4. 1. 5. 7. 6. 2. 8. 1.],"[[3.0, 1.0], [9.0, 4.0, 1.0], [5.0, 7.0, 6.0, 2.0], [8.0, 1.0]]"
290,288,"[[3, 1, 6], [1, 5, 7, 6, 2], [8, 1, 5, 7, 4], [9, 4, 1]]",[3. 1. 5. 7. 6. 2. 8. 1. 4. 9.],"[[3.0, 1.0], [5.0, 7.0, 6.0, 2.0], [8.0, 1.0, 4.0], [9.0]]"
291,289,"[[3, 1, 6], [1, 5, 7, 6, 2], [9, 4, 1], [8, 1, 5, 7, 4]]",[3. 1. 5. 7. 6. 2. 9. 4. 1. 8.],"[[3.0, 1.0], [5.0, 7.0, 6.0, 2.0], [9.0, 4.0, 1.0], [8.0]]"
292,290,"[[9, 4, 3], [5, 6, 1, 8, 4], [1, 5, 7, 6, 2]]",[9. 3. 1. 8. 4. 5. 7. 6. 2.],"[[9.0, 3.0], [1.0, 8.0, 4.0, 5.0], [7.0, 6.0, 2.0]]"
293,291,"[[9, 4, 3], [1, 5, 7, 6, 2], [5, 6, 1, 8, 4]]",[9. 3. 1. 5. 7. 6. 2. 1. 8. 4.],"[[9.0, 3.0], [1.0, 5.0, 7.0, 6.0, 2.0, 1.0], [8.0, 4.0]]"
294,292,"[[1, 3, 2, 4, 9, 6], [5, 1, 8, 4], [1, 5, 7, 6, 4]]",[1. 3. 2. 4. 9. 8. 1. 5. 7. 6.],"[[1.0, 3.0, 2.0, 4.0, 9.0], [8.0, 1.0, 5.0], [7.0, 6.0]]"
295,293,"[[1, 3, 2, 4, 9, 6], [1, 5, 7, 6, 4], [5, 1, 8, 4]]",[1. 3. 2. 4. 9. 5. 7. 6. 1. 8.],"[[1.0, 3.0, 2.0, 4.0, 9.0], [5.0, 7.0, 6.0, 1.0], [8.0]]"
296,294,"[[9, 4, 3], [1, 5, 7, 6, 2], [8, 1, 5, 7, 4]]",[9. 3. 1. 5. 7. 6. 2. 8. 1. 4.],"[[9.0, 3.0], [1.0, 5.0, 7.0, 6.0, 2.0], [8.0, 1.0, 4.0]]"
297,295,"[[1, 3, 2, 4, 9, 6], [5, 7], [5, 6, 1, 8, 2]]",[1. 3. 2. 4. 9. 5. 7. 6. 1. 8.],"[[1.0, 3.0, 2.0, 4.0, 9.0], [5.0, 7.0], [6.0, 1.0, 8.0]]"
298,296,"[[1, 3, 2, 4, 9, 6], [1, 5, 7, 2], [8, 1, 6]]",[1. 3. 2. 4. 9. 5. 7. 1. 8. 6.],"[[1.0, 3.0, 2.0, 4.0, 9.0], [5.0, 7.0, 1.0], [8.0, 6.0]]"
299,297,"[[9, 4, 3], [8, 1, 5, 7, 2], [8, 1, 3, 4, 6]]",[9. 3. 1. 5. 7. 2. 8. 1. 4. 6.],"[[9.0, 3.0], [1.0, 5.0, 7.0, 2.0, 8.0, 1.0], [4.0, 6.0]]"
300,298,"[[1, 3, 2, 4, 9, 6], [5, 1, 8, 2], [1, 5, 7, 4]]",[3. 9. 6. 5. 1. 8. 2. 7. 1. 4.],"[[3.0, 9.0, 6.0], [5.0, 1.0, 8.0, 2.0], [7.0, 1.0, 4.0]]"
301,299,"[[8, 1, 3, 4, 9, 6], [1, 5, 7, 6, 4], [5, 1, 8, 2]]",[8. 1. 3. 4. 9. 5. 7. 6. 1. 2.],"[[8.0, 1.0, 3.0, 4.0, 9.0], [5.0, 7.0, 6.0, 1.0], [2.0]]"
302,300,"[[8, 1, 3, 4, 9, 6], [5, 1, 8, 2], [1, 5, 7, 6, 4]]",[8. 1. 3. 4. 9. 2. 1. 5. 7. 6.],"[[8.0, 1.0, 3.0, 4.0, 9.0], [2.0, 1.0, 5.0], [7.0, 6.0]]"
303,301,"[[1, 3, 4, 9, 6], [5, 6, 1, 8, 2], [8, 1, 5, 7, 4]]",[3. 9. 1. 5. 6. 8. 2. 7. 1. 4.],"[[3.0, 9.0, 1.0], [5.0, 6.0, 8.0, 2.0], [7.0, 1.0, 4.0]]"
304,302,"[[1, 3, 4, 9, 6], [8, 1, 5, 7, 4], [5, 6, 1, 8, 2]]",[1. 3. 4. 9. 8. 1. 5. 7. 6. 2.],"[[1.0, 3.0, 4.0, 9.0], [8.0, 1.0, 5.0, 7.0], [6.0, 2.0]]"
305,303,"[[8, 1, 3, 4, 6], [1, 5, 7, 6, 4], [5, 6, 1, 8, 2], [9, 4, 1]]",[8. 1. 3. 4. 5. 7. 6. 1. 2. 9. 1.],"[[8.0, 1.0, 3.0, 4.0], [5.0, 7.0, 6.0, 1.0], [2.0], [9.0, 1.0]]"
306,304,"[[8, 1, 3, 4, 6], [1, 5, 7, 6, 4], [9, 4, 1], [5, 6, 1, 8, 2]]",[8. 1. 3. 5. 7. 6. 4. 9. 1. 2.],"[[8.0, 1.0, 3.0], [5.0, 7.0, 6.0, 4.0], [9.0, 1.0], [2.0]]"
307,305,"[[8, 1, 3, 4, 6], [5, 6, 1, 8, 2], [1, 5, 7, 6, 4], [9, 4, 1]]",[8. 1. 3. 2. 5. 7. 6. 1. 4. 9.],"[[8.0, 1.0, 3.0], [2.0, 5.0], [7.0, 6.0, 1.0, 4.0], [9.0]]"
308,306,"[[8, 1, 3, 4, 6], [5, 6, 1, 8, 2], [9, 4, 1], [1, 5, 7, 6, 4]]",[8. 1. 3. 2. 9. 4. 1. 5. 7. 6.],"[[8.0, 1.0, 3.0], [2.0], [9.0, 4.0, 1.0], [5.0, 7.0, 6.0]]"
309,307,"[[8, 1, 3, 4, 6], [9, 4, 1], [1, 5, 7, 6, 4], [5, 6, 1, 8, 2]]",[8. 1. 3. 4. 9. 5. 7. 6. 1. 2.],"[[8.0, 1.0, 3.0, 4.0], [9.0], [5.0, 7.0, 6.0, 1.0], [2.0]]"
310,308,"[[8, 1, 3, 4, 6], [9, 4, 1], [5, 6, 1, 8, 2], [1, 5, 7, 6, 4]]",[1. 3. 4. 9. 8. 1. 2. 5. 7. 6.],"[[1.0, 3.0, 4.0], [9.0], [8.0, 1.0, 2.0, 5.0], [7.0, 6.0]]"
311,309,"[[8, 1, 3, 4, 9, 6], [5, 7], [5, 6, 1, 8, 2]]",[8. 1. 3. 4. 9. 5. 7. 6. 1. 2.],"[[8.0, 1.0, 3.0, 4.0, 9.0], [5.0, 7.0], [6.0, 1.0, 2.0]]"
312,310,"[[1, 3, 2, 4, 6], [9, 4, 3], [5, 7], [5, 6, 1, 8, 2]]",[1. 3. 2. 4. 9. 5. 7. 6. 1. 8.],"[[1.0, 3.0, 2.0, 4.0], [9.0], [5.0, 7.0], [6.0, 1.0, 8.0]]"
313,311,"[[5, 7], [9, 4, 3], [1, 3, 2, 4, 6], [5, 6, 1, 8, 2]]",[7. 9. 3. 1. 2. 4. 1. 5. 6. 8.],"[[7.0], [9.0, 3.0], [1.0, 2.0, 4.0, 1.0], [5.0, 6.0, 8.0]]"
314,312,"[[9, 4, 3], [1, 3, 2, 4, 6], [5, 7], [5, 6, 1, 8, 2]]",[9. 3. 1. 2. 4. 5. 7. 6. 1. 8.],"[[9.0, 3.0], [1.0, 2.0, 4.0], [5.0, 7.0], [6.0, 1.0, 8.0]]"
315,313,"[[9, 4, 3], [5, 6, 1, 8, 2], [5, 7], [1, 3, 2, 4, 6]]",[9. 3. 1. 8. 2. 5. 7. 1. 4. 6.],"[[9.0, 3.0], [1.0, 8.0, 2.0, 5.0], [7.0], [1.0, 4.0, 6.0]]"
316,314,"[[5, 6, 1, 8, 2], [5, 7], [9, 4, 3], [1, 3, 2, 4, 6]]",[5. 6. 1. 8. 7. 9. 3. 1. 2. 4.],"[[5.0, 6.0, 1.0, 8.0], [7.0], [9.0, 3.0], [1.0, 2.0, 4.0]]"
317,315,"[[5, 6, 1, 8, 2], [9, 4, 3], [1, 3, 2, 4, 6], [5, 7]]",[5. 8. 9. 3. 1. 2. 4. 6. 7.],"[[5.0, 8.0], [9.0, 3.0], [1.0, 2.0, 4.0, 6.0], [7.0]]"
318,316,"[[1, 3, 2, 4, 9, 6], [1, 5, 7, 2], [8, 1, 3, 2, 6]]",[1. 3. 2. 4. 9. 5. 7. 1. 8. 6.],"[[1.0, 3.0, 2.0, 4.0, 9.0], [5.0, 7.0, 1.0], [8.0, 6.0]]"
319,317,"[[1, 5, 7, 2], [1, 3, 2, 4, 9, 6], [8, 1, 3, 2, 6]]",[1. 5. 7. 3. 2. 4. 9. 1. 8. 6.],"[[1.0, 5.0, 7.0], [3.0, 2.0, 4.0, 9.0, 1.0], [8.0, 6.0]]"
320,318,"[[1, 5, 7, 2], [8, 1, 3, 2, 6], [1, 3, 2, 4, 9, 6]]",[1. 5. 7. 8. 3. 2. 1. 4. 9. 6.],"[[1.0, 5.0, 7.0], [8.0, 3.0, 2.0, 1.0], [4.0, 9.0, 6.0]]"
321,319,"[[8, 1, 3, 2, 6], [1, 5, 7, 2], [1, 3, 2, 4, 9, 6]]",[8. 1. 3. 2. 5. 7. 1. 4. 9. 6.],"[[8.0, 1.0, 3.0, 2.0], [5.0, 7.0, 1.0], [4.0, 9.0, 6.0]]"
322,320,"[[9, 4, 3], [1, 5, 7, 6, 4], [8, 1, 2]]",[9. 3. 1. 5. 7. 6. 4. 8. 1. 2.],"[[9.0, 3.0], [1.0, 5.0, 7.0, 6.0, 4.0], [8.0, 1.0, 2.0]]"
